source_id,activity_id,experiment_id,variant_label,variable,grid_label,filenum,filename,filesize,download_url,opendap_url
MRI-ESM2-0,CMIP,1pctCO2,r1i1p1f1,areacella,gn,1/1,areacella_fx_MRI-ESM2-0_1pctCO2_r1i1p1f1_gn.nc,51005,http://aims3.llnl.gov/thredds/fileServer/css03_data/CMIP6/CMIP/MRI/MRI-ESM2-0/1pctCO2/r1i1p1f1/fx/areacella/gn/v20190603/areacella_fx_MRI-ESM2-0_1pctCO2_r1i1p1f1_gn.nc|http://esgf-data03.diasjp.net/thredds/fileServer/esg_dataroot/CMIP6/CMIP/MRI/MRI-ESM2-0/1pctCO2/r1i1p1f1/fx/areacella/gn/v20190603/areacella_fx_MRI-ESM2-0_1pctCO2_r1i1p1f1_gn.nc|http://esgf3.dkrz.de/thredds/fileServer/cmip6/CMIP/MRI/MRI-ESM2-0/1pctCO2/r1i1p1f1/fx/areacella/gn/v20190603/areacella_fx_MRI-ESM2-0_1pctCO2_r1i1p1f1_gn.nc,http://aims3.llnl.gov/thredds/dodsC/css03_data/CMIP6/CMIP/MRI/MRI-ESM2-0/1pctCO2/r1i1p1f1/fx/areacella/gn/v20190603/areacella_fx_MRI-ESM2-0_1pctCO2_r1i1p1f1_gn.nc|http://esgf-data03.diasjp.net/thredds/dodsC/esg_dataroot/CMIP6/CMIP/MRI/MRI-ESM2-0/1pctCO2/r1i1p1f1/fx/areacella/gn/v20190603/areacella_fx_MRI-ESM2-0_1pctCO2_r1i1p1f1_gn.nc|http://esgf3.dkrz.de/thredds/dodsC/cmip6/CMIP/MRI/MRI-ESM2-0/1pctCO2/r1i1p1f1/fx/areacella/gn/v20190603/areacella_fx_MRI-ESM2-0_1pctCO2_r1i1p1f1_gn.nc
MRI-ESM2-0,CMIP,1pctCO2,r1i1p1f1,rlut,gn,1/1,rlut_Amon_MRI-ESM2-0_1pctCO2_r1i1p1f1_gn_185001-200012.nc,235517693,http://aims3.llnl.gov/thredds/fileServer/css03_data/CMIP6/CMIP/MRI/MRI-ESM2-0/1pctCO2/r1i1p1f1/Amon/rlut/gn/v20190308/rlut_Amon_MRI-ESM2-0_1pctCO2_r1i1p1f1_gn_185001-200012.nc|http://esgf-data03.diasjp.net/thredds/fileServer/esg_dataroot/CMIP6/CMIP/MRI/MRI-ESM2-0/1pctCO2/r1i1p1f1/Amon/rlut/gn/v20190308/rlut_Amon_MRI-ESM2-0_1pctCO2_r1i1p1f1_gn_185001-200012.nc|http://esgf3.dkrz.de/thredds/fileServer/cmip6/CMIP/MRI/MRI-ESM2-0/1pctCO2/r1i1p1f1/Amon/rlut/gn/v20190308/rlut_Amon_MRI-ESM2-0_1pctCO2_r1i1p1f1_gn_185001-200012.nc|https://esgf.ceda.ac.uk/thredds/fileServer/esg_cmip6/CMIP6/CMIP/MRI/MRI-ESM2-0/1pctCO2/r1i1p1f1/Amon/rlut/gn/v20190308/rlut_Amon_MRI-ESM2-0_1pctCO2_r1i1p1f1_gn_185001-200012.nc|http://esgf.nci.org.au/thredds/fileServer/replica/CMIP6/CMIP/MRI/MRI-ESM2-0/1pctCO2/r1i1p1f1/Amon/rlut/gn/v20190308/rlut_Amon_MRI-ESM2-0_1pctCO2_r1i1p1f1_gn_185001-200012.nc,http://aims3.llnl.gov/thredds/dodsC/css03_data/CMIP6/CMIP/MRI/MRI-ESM2-0/1pctCO2/r1i1p1f1/Amon/rlut/gn/v20190308/rlut_Amon_MRI-ESM2-0_1pctCO2_r1i1p1f1_gn_185001-200012.nc|http://esgf-data03.diasjp.net/thredds/dodsC/esg_dataroot/CMIP6/CMIP/MRI/MRI-ESM2-0/1pctCO2/r1i1p1f1/Amon/rlut/gn/v20190308/rlut_Amon_MRI-ESM2-0_1pctCO2_r1i1p1f1_gn_185001-200012.nc|http://esgf3.dkrz.de/thredds/dodsC/cmip6/CMIP/MRI/MRI-ESM2-0/1pctCO2/r1i1p1f1/Amon/rlut/gn/v20190308/rlut_Amon_MRI-ESM2-0_1pctCO2_r1i1p1f1_gn_185001-200012.nc|https://esgf.ceda.ac.uk/thredds/dodsC/esg_cmip6/CMIP6/CMIP/MRI/MRI-ESM2-0/1pctCO2/r1i1p1f1/Amon/rlut/gn/v20190308/rlut_Amon_MRI-ESM2-0_1pctCO2_r1i1p1f1_gn_185001-200012.nc|http://esgf.nci.org.au/thredds/dodsC/replica/CMIP6/CMIP/MRI/MRI-ESM2-0/1pctCO2/r1i1p1f1/Amon/rlut/gn/v20190308/rlut_Amon_MRI-ESM2-0_1pctCO2_r1i1p1f1_gn_185001-200012.nc
MRI-ESM2-0,CMIP,1pctCO2,r1i1p1f1,rsdt,gn,1/1,rsdt_Amon_MRI-ESM2-0_1pctCO2_r1i1p1f1_gn_185001-200012.nc,43692642,http://aims3.llnl.gov/thredds/fileServer/css03_data/CMIP6/CMIP/MRI/MRI-ESM2-0/1pctCO2/r1i1p1f1/Amon/rsdt/gn/v20190308/rsdt_Amon_MRI-ESM2-0_1pctCO2_r1i1p1f1_gn_185001-200012.nc|http://esgf-data03.diasjp.net/thredds/fileServer/esg_dataroot/CMIP6/CMIP/MRI/MRI-ESM2-0/1pctCO2/r1i1p1f1/Amon/rsdt/gn/v20190308/rsdt_Amon_MRI-ESM2-0_1pctCO2_r1i1p1f1_gn_185001-200012.nc|http://esgf3.dkrz.de/thredds/fileServer/cmip6/CMIP/MRI/MRI-ESM2-0/1pctCO2/r1i1p1f1/Amon/rsdt/gn/v20190308/rsdt_Amon_MRI-ESM2-0_1pctCO2_r1i1p1f1_gn_185001-200012.nc|https://esgf.ceda.ac.uk/thredds/fileServer/esg_cmip6/CMIP6/CMIP/MRI/MRI-ESM2-0/1pctCO2/r1i1p1f1/Amon/rsdt/gn/v20190308/rsdt_Amon_MRI-ESM2-0_1pctCO2_r1i1p1f1_gn_185001-200012.nc|http://esgf.nci.org.au/thredds/fileServer/replica/CMIP6/CMIP/MRI/MRI-ESM2-0/1pctCO2/r1i1p1f1/Amon/rsdt/gn/v20190308/rsdt_Amon_MRI-ESM2-0_1pctCO2_r1i1p1f1_gn_185001-200012.nc,http://aims3.llnl.gov/thredds/dodsC/css03_data/CMIP6/CMIP/MRI/MRI-ESM2-0/1pctCO2/r1i1p1f1/Amon/rsdt/gn/v20190308/rsdt_Amon_MRI-ESM2-0_1pctCO2_r1i1p1f1_gn_185001-200012.nc|http://esgf-data03.diasjp.net/thredds/dodsC/esg_dataroot/CMIP6/CMIP/MRI/MRI-ESM2-0/1pctCO2/r1i1p1f1/Amon/rsdt/gn/v20190308/rsdt_Amon_MRI-ESM2-0_1pctCO2_r1i1p1f1_gn_185001-200012.nc|http://esgf3.dkrz.de/thredds/dodsC/cmip6/CMIP/MRI/MRI-ESM2-0/1pctCO2/r1i1p1f1/Amon/rsdt/gn/v20190308/rsdt_Amon_MRI-ESM2-0_1pctCO2_r1i1p1f1_gn_185001-200012.nc|https://esgf.ceda.ac.uk/thredds/dodsC/esg_cmip6/CMIP6/CMIP/MRI/MRI-ESM2-0/1pctCO2/r1i1p1f1/Amon/rsdt/gn/v20190308/rsdt_Amon_MRI-ESM2-0_1pctCO2_r1i1p1f1_gn_185001-200012.nc|http://esgf.nci.org.au/thredds/dodsC/replica/CMIP6/CMIP/MRI/MRI-ESM2-0/1pctCO2/r1i1p1f1/Amon/rsdt/gn/v20190308/rsdt_Amon_MRI-ESM2-0_1pctCO2_r1i1p1f1_gn_185001-200012.nc
MRI-ESM2-0,CMIP,1pctCO2,r1i1p1f1,rsut,gn,1/1,rsut_Amon_MRI-ESM2-0_1pctCO2_r1i1p1f1_gn_185001-200012.nc,254053281,http://aims3.llnl.gov/thredds/fileServer/css03_data/CMIP6/CMIP/MRI/MRI-ESM2-0/1pctCO2/r1i1p1f1/Amon/rsut/gn/v20190308/rsut_Amon_MRI-ESM2-0_1pctCO2_r1i1p1f1_gn_185001-200012.nc|http://esgf-data03.diasjp.net/thredds/fileServer/esg_dataroot/CMIP6/CMIP/MRI/MRI-ESM2-0/1pctCO2/r1i1p1f1/Amon/rsut/gn/v20190308/rsut_Amon_MRI-ESM2-0_1pctCO2_r1i1p1f1_gn_185001-200012.nc|http://esgf3.dkrz.de/thredds/fileServer/cmip6/CMIP/MRI/MRI-ESM2-0/1pctCO2/r1i1p1f1/Amon/rsut/gn/v20190308/rsut_Amon_MRI-ESM2-0_1pctCO2_r1i1p1f1_gn_185001-200012.nc|https://esgf.ceda.ac.uk/thredds/fileServer/esg_cmip6/CMIP6/CMIP/MRI/MRI-ESM2-0/1pctCO2/r1i1p1f1/Amon/rsut/gn/v20190308/rsut_Amon_MRI-ESM2-0_1pctCO2_r1i1p1f1_gn_185001-200012.nc|http://esgf.nci.org.au/thredds/fileServer/replica/CMIP6/CMIP/MRI/MRI-ESM2-0/1pctCO2/r1i1p1f1/Amon/rsut/gn/v20190308/rsut_Amon_MRI-ESM2-0_1pctCO2_r1i1p1f1_gn_185001-200012.nc,http://aims3.llnl.gov/thredds/dodsC/css03_data/CMIP6/CMIP/MRI/MRI-ESM2-0/1pctCO2/r1i1p1f1/Amon/rsut/gn/v20190308/rsut_Amon_MRI-ESM2-0_1pctCO2_r1i1p1f1_gn_185001-200012.nc|http://esgf-data03.diasjp.net/thredds/dodsC/esg_dataroot/CMIP6/CMIP/MRI/MRI-ESM2-0/1pctCO2/r1i1p1f1/Amon/rsut/gn/v20190308/rsut_Amon_MRI-ESM2-0_1pctCO2_r1i1p1f1_gn_185001-200012.nc|http://esgf3.dkrz.de/thredds/dodsC/cmip6/CMIP/MRI/MRI-ESM2-0/1pctCO2/r1i1p1f1/Amon/rsut/gn/v20190308/rsut_Amon_MRI-ESM2-0_1pctCO2_r1i1p1f1_gn_185001-200012.nc|https://esgf.ceda.ac.uk/thredds/dodsC/esg_cmip6/CMIP6/CMIP/MRI/MRI-ESM2-0/1pctCO2/r1i1p1f1/Amon/rsut/gn/v20190308/rsut_Amon_MRI-ESM2-0_1pctCO2_r1i1p1f1_gn_185001-200012.nc|http://esgf.nci.org.au/thredds/dodsC/replica/CMIP6/CMIP/MRI/MRI-ESM2-0/1pctCO2/r1i1p1f1/Amon/rsut/gn/v20190308/rsut_Amon_MRI-ESM2-0_1pctCO2_r1i1p1f1_gn_185001-200012.nc
MRI-ESM2-0,CMIP,1pctCO2,r1i1p1f1,tas,gn,1/1,tas_Amon_MRI-ESM2-0_1pctCO2_r1i1p1f1_gn_185001-200012.nc,205740886,http://aims3.llnl.gov/thredds/fileServer/css03_data/CMIP6/CMIP/MRI/MRI-ESM2-0/1pctCO2/r1i1p1f1/Amon/tas/gn/v20190308/tas_Amon_MRI-ESM2-0_1pctCO2_r1i1p1f1_gn_185001-200012.nc|http://esgf-data03.diasjp.net/thredds/fileServer/esg_dataroot/CMIP6/CMIP/MRI/MRI-ESM2-0/1pctCO2/r1i1p1f1/Amon/tas/gn/v20190308/tas_Amon_MRI-ESM2-0_1pctCO2_r1i1p1f1_gn_185001-200012.nc|http://esgf3.dkrz.de/thredds/fileServer/cmip6/CMIP/MRI/MRI-ESM2-0/1pctCO2/r1i1p1f1/Amon/tas/gn/v20190308/tas_Amon_MRI-ESM2-0_1pctCO2_r1i1p1f1_gn_185001-200012.nc|https://esgf.ceda.ac.uk/thredds/fileServer/esg_cmip6/CMIP6/CMIP/MRI/MRI-ESM2-0/1pctCO2/r1i1p1f1/Amon/tas/gn/v20190308/tas_Amon_MRI-ESM2-0_1pctCO2_r1i1p1f1_gn_185001-200012.nc|http://esgf.nci.org.au/thredds/fileServer/replica/CMIP6/CMIP/MRI/MRI-ESM2-0/1pctCO2/r1i1p1f1/Amon/tas/gn/v20190308/tas_Amon_MRI-ESM2-0_1pctCO2_r1i1p1f1_gn_185001-200012.nc,http://aims3.llnl.gov/thredds/dodsC/css03_data/CMIP6/CMIP/MRI/MRI-ESM2-0/1pctCO2/r1i1p1f1/Amon/tas/gn/v20190308/tas_Amon_MRI-ESM2-0_1pctCO2_r1i1p1f1_gn_185001-200012.nc|http://esgf-data03.diasjp.net/thredds/dodsC/esg_dataroot/CMIP6/CMIP/MRI/MRI-ESM2-0/1pctCO2/r1i1p1f1/Amon/tas/gn/v20190308/tas_Amon_MRI-ESM2-0_1pctCO2_r1i1p1f1_gn_185001-200012.nc|http://esgf3.dkrz.de/thredds/dodsC/cmip6/CMIP/MRI/MRI-ESM2-0/1pctCO2/r1i1p1f1/Amon/tas/gn/v20190308/tas_Amon_MRI-ESM2-0_1pctCO2_r1i1p1f1_gn_185001-200012.nc|https://esgf.ceda.ac.uk/thredds/dodsC/esg_cmip6/CMIP6/CMIP/MRI/MRI-ESM2-0/1pctCO2/r1i1p1f1/Amon/tas/gn/v20190308/tas_Amon_MRI-ESM2-0_1pctCO2_r1i1p1f1_gn_185001-200012.nc|http://esgf.nci.org.au/thredds/dodsC/replica/CMIP6/CMIP/MRI/MRI-ESM2-0/1pctCO2/r1i1p1f1/Amon/tas/gn/v20190308/tas_Amon_MRI-ESM2-0_1pctCO2_r1i1p1f1_gn_185001-200012.nc
MRI-ESM2-0,CMIP,abrupt-4xCO2,r1i1p1f1,areacella,gn,1/1,areacella_fx_MRI-ESM2-0_abrupt-4xCO2_r1i1p1f1_gn.nc,51005,http://aims3.llnl.gov/thredds/fileServer/css03_data/CMIP6/CMIP/MRI/MRI-ESM2-0/abrupt-4xCO2/r1i1p1f1/fx/areacella/gn/v20190603/areacella_fx_MRI-ESM2-0_abrupt-4xCO2_r1i1p1f1_gn.nc|http://esgf-data03.diasjp.net/thredds/fileServer/esg_dataroot/CMIP6/CMIP/MRI/MRI-ESM2-0/abrupt-4xCO2/r1i1p1f1/fx/areacella/gn/v20190603/areacella_fx_MRI-ESM2-0_abrupt-4xCO2_r1i1p1f1_gn.nc|http://esgf3.dkrz.de/thredds/fileServer/cmip6/CMIP/MRI/MRI-ESM2-0/abrupt-4xCO2/r1i1p1f1/fx/areacella/gn/v20190603/areacella_fx_MRI-ESM2-0_abrupt-4xCO2_r1i1p1f1_gn.nc|http://esgf.nci.org.au/thredds/fileServer/replica/CMIP6/CMIP/MRI/MRI-ESM2-0/abrupt-4xCO2/r1i1p1f1/fx/areacella/gn/v20190603/areacella_fx_MRI-ESM2-0_abrupt-4xCO2_r1i1p1f1_gn.nc,http://aims3.llnl.gov/thredds/dodsC/css03_data/CMIP6/CMIP/MRI/MRI-ESM2-0/abrupt-4xCO2/r1i1p1f1/fx/areacella/gn/v20190603/areacella_fx_MRI-ESM2-0_abrupt-4xCO2_r1i1p1f1_gn.nc|http://esgf-data03.diasjp.net/thredds/dodsC/esg_dataroot/CMIP6/CMIP/MRI/MRI-ESM2-0/abrupt-4xCO2/r1i1p1f1/fx/areacella/gn/v20190603/areacella_fx_MRI-ESM2-0_abrupt-4xCO2_r1i1p1f1_gn.nc|http://esgf3.dkrz.de/thredds/dodsC/cmip6/CMIP/MRI/MRI-ESM2-0/abrupt-4xCO2/r1i1p1f1/fx/areacella/gn/v20190603/areacella_fx_MRI-ESM2-0_abrupt-4xCO2_r1i1p1f1_gn.nc|http://esgf.nci.org.au/thredds/dodsC/replica/CMIP6/CMIP/MRI/MRI-ESM2-0/abrupt-4xCO2/r1i1p1f1/fx/areacella/gn/v20190603/areacella_fx_MRI-ESM2-0_abrupt-4xCO2_r1i1p1f1_gn.nc
MRI-ESM2-0,CMIP,abrupt-4xCO2,r1i1p1f1,rlut,gn,1/1,rlut_Amon_MRI-ESM2-0_abrupt-4xCO2_r1i1p1f1_gn_185001-200012.nc,234773205,http://aims3.llnl.gov/thredds/fileServer/css03_data/CMIP6/CMIP/MRI/MRI-ESM2-0/abrupt-4xCO2/r1i1p1f1/Amon/rlut/gn/v20190308/rlut_Amon_MRI-ESM2-0_abrupt-4xCO2_r1i1p1f1_gn_185001-200012.nc|http://esgf-data03.diasjp.net/thredds/fileServer/esg_dataroot/CMIP6/CMIP/MRI/MRI-ESM2-0/abrupt-4xCO2/r1i1p1f1/Amon/rlut/gn/v20190308/rlut_Amon_MRI-ESM2-0_abrupt-4xCO2_r1i1p1f1_gn_185001-200012.nc|http://esgf3.dkrz.de/thredds/fileServer/cmip6/CMIP/MRI/MRI-ESM2-0/abrupt-4xCO2/r1i1p1f1/Amon/rlut/gn/v20190308/rlut_Amon_MRI-ESM2-0_abrupt-4xCO2_r1i1p1f1_gn_185001-200012.nc|https://esgf.ceda.ac.uk/thredds/fileServer/esg_cmip6/CMIP6/CMIP/MRI/MRI-ESM2-0/abrupt-4xCO2/r1i1p1f1/Amon/rlut/gn/v20190308/rlut_Amon_MRI-ESM2-0_abrupt-4xCO2_r1i1p1f1_gn_185001-200012.nc|http://esgf.nci.org.au/thredds/fileServer/replica/CMIP6/CMIP/MRI/MRI-ESM2-0/abrupt-4xCO2/r1i1p1f1/Amon/rlut/gn/v20190308/rlut_Amon_MRI-ESM2-0_abrupt-4xCO2_r1i1p1f1_gn_185001-200012.nc,http://aims3.llnl.gov/thredds/dodsC/css03_data/CMIP6/CMIP/MRI/MRI-ESM2-0/abrupt-4xCO2/r1i1p1f1/Amon/rlut/gn/v20190308/rlut_Amon_MRI-ESM2-0_abrupt-4xCO2_r1i1p1f1_gn_185001-200012.nc|http://esgf-data03.diasjp.net/thredds/dodsC/esg_dataroot/CMIP6/CMIP/MRI/MRI-ESM2-0/abrupt-4xCO2/r1i1p1f1/Amon/rlut/gn/v20190308/rlut_Amon_MRI-ESM2-0_abrupt-4xCO2_r1i1p1f1_gn_185001-200012.nc|http://esgf3.dkrz.de/thredds/dodsC/cmip6/CMIP/MRI/MRI-ESM2-0/abrupt-4xCO2/r1i1p1f1/Amon/rlut/gn/v20190308/rlut_Amon_MRI-ESM2-0_abrupt-4xCO2_r1i1p1f1_gn_185001-200012.nc|https://esgf.ceda.ac.uk/thredds/dodsC/esg_cmip6/CMIP6/CMIP/MRI/MRI-ESM2-0/abrupt-4xCO2/r1i1p1f1/Amon/rlut/gn/v20190308/rlut_Amon_MRI-ESM2-0_abrupt-4xCO2_r1i1p1f1_gn_185001-200012.nc|http://esgf.nci.org.au/thredds/dodsC/replica/CMIP6/CMIP/MRI/MRI-ESM2-0/abrupt-4xCO2/r1i1p1f1/Amon/rlut/gn/v20190308/rlut_Amon_MRI-ESM2-0_abrupt-4xCO2_r1i1p1f1_gn_185001-200012.nc
MRI-ESM2-0,CMIP,abrupt-4xCO2,r1i1p1f1,rsdt,gn,1/1,rsdt_Amon_MRI-ESM2-0_abrupt-4xCO2_r1i1p1f1_gn_185001-200012.nc,43692642,http://aims3.llnl.gov/thredds/fileServer/css03_data/CMIP6/CMIP/MRI/MRI-ESM2-0/abrupt-4xCO2/r1i1p1f1/Amon/rsdt/gn/v20190308/rsdt_Amon_MRI-ESM2-0_abrupt-4xCO2_r1i1p1f1_gn_185001-200012.nc|http://esgf-data03.diasjp.net/thredds/fileServer/esg_dataroot/CMIP6/CMIP/MRI/MRI-ESM2-0/abrupt-4xCO2/r1i1p1f1/Amon/rsdt/gn/v20190308/rsdt_Amon_MRI-ESM2-0_abrupt-4xCO2_r1i1p1f1_gn_185001-200012.nc|http://esgf3.dkrz.de/thredds/fileServer/cmip6/CMIP/MRI/MRI-ESM2-0/abrupt-4xCO2/r1i1p1f1/Amon/rsdt/gn/v20190308/rsdt_Amon_MRI-ESM2-0_abrupt-4xCO2_r1i1p1f1_gn_185001-200012.nc|https://esgf.ceda.ac.uk/thredds/fileServer/esg_cmip6/CMIP6/CMIP/MRI/MRI-ESM2-0/abrupt-4xCO2/r1i1p1f1/Amon/rsdt/gn/v20190308/rsdt_Amon_MRI-ESM2-0_abrupt-4xCO2_r1i1p1f1_gn_185001-200012.nc|http://esgf.nci.org.au/thredds/fileServer/replica/CMIP6/CMIP/MRI/MRI-ESM2-0/abrupt-4xCO2/r1i1p1f1/Amon/rsdt/gn/v20190308/rsdt_Amon_MRI-ESM2-0_abrupt-4xCO2_r1i1p1f1_gn_185001-200012.nc,http://aims3.llnl.gov/thredds/dodsC/css03_data/CMIP6/CMIP/MRI/MRI-ESM2-0/abrupt-4xCO2/r1i1p1f1/Amon/rsdt/gn/v20190308/rsdt_Amon_MRI-ESM2-0_abrupt-4xCO2_r1i1p1f1_gn_185001-200012.nc|http://esgf-data03.diasjp.net/thredds/dodsC/esg_dataroot/CMIP6/CMIP/MRI/MRI-ESM2-0/abrupt-4xCO2/r1i1p1f1/Amon/rsdt/gn/v20190308/rsdt_Amon_MRI-ESM2-0_abrupt-4xCO2_r1i1p1f1_gn_185001-200012.nc|http://esgf3.dkrz.de/thredds/dodsC/cmip6/CMIP/MRI/MRI-ESM2-0/abrupt-4xCO2/r1i1p1f1/Amon/rsdt/gn/v20190308/rsdt_Amon_MRI-ESM2-0_abrupt-4xCO2_r1i1p1f1_gn_185001-200012.nc|https://esgf.ceda.ac.uk/thredds/dodsC/esg_cmip6/CMIP6/CMIP/MRI/MRI-ESM2-0/abrupt-4xCO2/r1i1p1f1/Amon/rsdt/gn/v20190308/rsdt_Amon_MRI-ESM2-0_abrupt-4xCO2_r1i1p1f1_gn_185001-200012.nc|http://esgf.nci.org.au/thredds/dodsC/replica/CMIP6/CMIP/MRI/MRI-ESM2-0/abrupt-4xCO2/r1i1p1f1/Amon/rsdt/gn/v20190308/rsdt_Amon_MRI-ESM2-0_abrupt-4xCO2_r1i1p1f1_gn_185001-200012.nc
MRI-ESM2-0,CMIP,abrupt-4xCO2,r1i1p1f1,rsut,gn,1/1,rsut_Amon_MRI-ESM2-0_abrupt-4xCO2_r1i1p1f1_gn_185001-200012.nc,254207223,http://aims3.llnl.gov/thredds/fileServer/css03_data/CMIP6/CMIP/MRI/MRI-ESM2-0/abrupt-4xCO2/r1i1p1f1/Amon/rsut/gn/v20190308/rsut_Amon_MRI-ESM2-0_abrupt-4xCO2_r1i1p1f1_gn_185001-200012.nc|http://esgf-data03.diasjp.net/thredds/fileServer/esg_dataroot/CMIP6/CMIP/MRI/MRI-ESM2-0/abrupt-4xCO2/r1i1p1f1/Amon/rsut/gn/v20190308/rsut_Amon_MRI-ESM2-0_abrupt-4xCO2_r1i1p1f1_gn_185001-200012.nc|http://esgf3.dkrz.de/thredds/fileServer/cmip6/CMIP/MRI/MRI-ESM2-0/abrupt-4xCO2/r1i1p1f1/Amon/rsut/gn/v20190308/rsut_Amon_MRI-ESM2-0_abrupt-4xCO2_r1i1p1f1_gn_185001-200012.nc|https://esgf.ceda.ac.uk/thredds/fileServer/esg_cmip6/CMIP6/CMIP/MRI/MRI-ESM2-0/abrupt-4xCO2/r1i1p1f1/Amon/rsut/gn/v20190308/rsut_Amon_MRI-ESM2-0_abrupt-4xCO2_r1i1p1f1_gn_185001-200012.nc|http://esgf.nci.org.au/thredds/fileServer/replica/CMIP6/CMIP/MRI/MRI-ESM2-0/abrupt-4xCO2/r1i1p1f1/Amon/rsut/gn/v20190308/rsut_Amon_MRI-ESM2-0_abrupt-4xCO2_r1i1p1f1_gn_185001-200012.nc,http://aims3.llnl.gov/thredds/dodsC/css03_data/CMIP6/CMIP/MRI/MRI-ESM2-0/abrupt-4xCO2/r1i1p1f1/Amon/rsut/gn/v20190308/rsut_Amon_MRI-ESM2-0_abrupt-4xCO2_r1i1p1f1_gn_185001-200012.nc|http://esgf-data03.diasjp.net/thredds/dodsC/esg_dataroot/CMIP6/CMIP/MRI/MRI-ESM2-0/abrupt-4xCO2/r1i1p1f1/Amon/rsut/gn/v20190308/rsut_Amon_MRI-ESM2-0_abrupt-4xCO2_r1i1p1f1_gn_185001-200012.nc|http://esgf3.dkrz.de/thredds/dodsC/cmip6/CMIP/MRI/MRI-ESM2-0/abrupt-4xCO2/r1i1p1f1/Amon/rsut/gn/v20190308/rsut_Amon_MRI-ESM2-0_abrupt-4xCO2_r1i1p1f1_gn_185001-200012.nc|https://esgf.ceda.ac.uk/thredds/dodsC/esg_cmip6/CMIP6/CMIP/MRI/MRI-ESM2-0/abrupt-4xCO2/r1i1p1f1/Amon/rsut/gn/v20190308/rsut_Amon_MRI-ESM2-0_abrupt-4xCO2_r1i1p1f1_gn_185001-200012.nc|http://esgf.nci.org.au/thredds/dodsC/replica/CMIP6/CMIP/MRI/MRI-ESM2-0/abrupt-4xCO2/r1i1p1f1/Amon/rsut/gn/v20190308/rsut_Amon_MRI-ESM2-0_abrupt-4xCO2_r1i1p1f1_gn_185001-200012.nc
MRI-ESM2-0,CMIP,abrupt-4xCO2,r1i1p1f1,tas,gn,1/1,tas_Amon_MRI-ESM2-0_abrupt-4xCO2_r1i1p1f1_gn_185001-200012.nc,204963986,http://aims3.llnl.gov/thredds/fileServer/css03_data/CMIP6/CMIP/MRI/MRI-ESM2-0/abrupt-4xCO2/r1i1p1f1/Amon/tas/gn/v20190308/tas_Amon_MRI-ESM2-0_abrupt-4xCO2_r1i1p1f1_gn_185001-200012.nc|http://esgf-data03.diasjp.net/thredds/fileServer/esg_dataroot/CMIP6/CMIP/MRI/MRI-ESM2-0/abrupt-4xCO2/r1i1p1f1/Amon/tas/gn/v20190308/tas_Amon_MRI-ESM2-0_abrupt-4xCO2_r1i1p1f1_gn_185001-200012.nc|http://esgf3.dkrz.de/thredds/fileServer/cmip6/CMIP/MRI/MRI-ESM2-0/abrupt-4xCO2/r1i1p1f1/Amon/tas/gn/v20190308/tas_Amon_MRI-ESM2-0_abrupt-4xCO2_r1i1p1f1_gn_185001-200012.nc|https://esgf.ceda.ac.uk/thredds/fileServer/esg_cmip6/CMIP6/CMIP/MRI/MRI-ESM2-0/abrupt-4xCO2/r1i1p1f1/Amon/tas/gn/v20190308/tas_Amon_MRI-ESM2-0_abrupt-4xCO2_r1i1p1f1_gn_185001-200012.nc|http://esgf.nci.org.au/thredds/fileServer/replica/CMIP6/CMIP/MRI/MRI-ESM2-0/abrupt-4xCO2/r1i1p1f1/Amon/tas/gn/v20190308/tas_Amon_MRI-ESM2-0_abrupt-4xCO2_r1i1p1f1_gn_185001-200012.nc,http://aims3.llnl.gov/thredds/dodsC/css03_data/CMIP6/CMIP/MRI/MRI-ESM2-0/abrupt-4xCO2/r1i1p1f1/Amon/tas/gn/v20190308/tas_Amon_MRI-ESM2-0_abrupt-4xCO2_r1i1p1f1_gn_185001-200012.nc|http://esgf-data03.diasjp.net/thredds/dodsC/esg_dataroot/CMIP6/CMIP/MRI/MRI-ESM2-0/abrupt-4xCO2/r1i1p1f1/Amon/tas/gn/v20190308/tas_Amon_MRI-ESM2-0_abrupt-4xCO2_r1i1p1f1_gn_185001-200012.nc|http://esgf3.dkrz.de/thredds/dodsC/cmip6/CMIP/MRI/MRI-ESM2-0/abrupt-4xCO2/r1i1p1f1/Amon/tas/gn/v20190308/tas_Amon_MRI-ESM2-0_abrupt-4xCO2_r1i1p1f1_gn_185001-200012.nc|https://esgf.ceda.ac.uk/thredds/dodsC/esg_cmip6/CMIP6/CMIP/MRI/MRI-ESM2-0/abrupt-4xCO2/r1i1p1f1/Amon/tas/gn/v20190308/tas_Amon_MRI-ESM2-0_abrupt-4xCO2_r1i1p1f1_gn_185001-200012.nc|http://esgf.nci.org.au/thredds/dodsC/replica/CMIP6/CMIP/MRI/MRI-ESM2-0/abrupt-4xCO2/r1i1p1f1/Amon/tas/gn/v20190308/tas_Amon_MRI-ESM2-0_abrupt-4xCO2_r1i1p1f1_gn_185001-200012.nc
MRI-ESM2-0,CMIP,esm-hist,r1i2p1f1,areacella,gn,1/1,areacella_fx_MRI-ESM2-0_esm-hist_r1i2p1f1_gn.nc,51028,http://esgf-data1.llnl.gov/thredds/fileServer/css03_data/CMIP6/CMIP/MRI/MRI-ESM2-0/esm-hist/r1i2p1f1/fx/areacella/gn/v20191205/areacella_fx_MRI-ESM2-0_esm-hist_r1i2p1f1_gn.nc|http://esgf-data03.diasjp.net/thredds/fileServer/esg_dataroot/CMIP6/CMIP/MRI/MRI-ESM2-0/esm-hist/r1i2p1f1/fx/areacella/gn/v20191205/areacella_fx_MRI-ESM2-0_esm-hist_r1i2p1f1_gn.nc|http://esgf3.dkrz.de/thredds/fileServer/cmip6/CMIP/MRI/MRI-ESM2-0/esm-hist/r1i2p1f1/fx/areacella/gn/v20191205/areacella_fx_MRI-ESM2-0_esm-hist_r1i2p1f1_gn.nc,http://esgf-data1.llnl.gov/thredds/dodsC/css03_data/CMIP6/CMIP/MRI/MRI-ESM2-0/esm-hist/r1i2p1f1/fx/areacella/gn/v20191205/areacella_fx_MRI-ESM2-0_esm-hist_r1i2p1f1_gn.nc|http://esgf-data03.diasjp.net/thredds/dodsC/esg_dataroot/CMIP6/CMIP/MRI/MRI-ESM2-0/esm-hist/r1i2p1f1/fx/areacella/gn/v20191205/areacella_fx_MRI-ESM2-0_esm-hist_r1i2p1f1_gn.nc|http://esgf3.dkrz.de/thredds/dodsC/cmip6/CMIP/MRI/MRI-ESM2-0/esm-hist/r1i2p1f1/fx/areacella/gn/v20191205/areacella_fx_MRI-ESM2-0_esm-hist_r1i2p1f1_gn.nc
MRI-ESM2-0,CMIP,esm-hist,r1i2p1f1,rlut,gn,1/1,rlut_Amon_MRI-ESM2-0_esm-hist_r1i2p1f1_gn_185001-201412.nc,258162424,http://esgf-data03.diasjp.net/thredds/fileServer/esg_dataroot/CMIP6/CMIP/MRI/MRI-ESM2-0/esm-hist/r1i2p1f1/Amon/rlut/gn/v20191205/rlut_Amon_MRI-ESM2-0_esm-hist_r1i2p1f1_gn_185001-201412.nc|http://esgf.nci.org.au/thredds/fileServer/replica/CMIP6/CMIP/MRI/MRI-ESM2-0/esm-hist/r1i2p1f1/Amon/rlut/gn/v20191205/rlut_Amon_MRI-ESM2-0_esm-hist_r1i2p1f1_gn_185001-201412.nc,http://esgf-data03.diasjp.net/thredds/dodsC/esg_dataroot/CMIP6/CMIP/MRI/MRI-ESM2-0/esm-hist/r1i2p1f1/Amon/rlut/gn/v20191205/rlut_Amon_MRI-ESM2-0_esm-hist_r1i2p1f1_gn_185001-201412.nc|http://esgf.nci.org.au/thredds/dodsC/replica/CMIP6/CMIP/MRI/MRI-ESM2-0/esm-hist/r1i2p1f1/Amon/rlut/gn/v20191205/rlut_Amon_MRI-ESM2-0_esm-hist_r1i2p1f1_gn_185001-201412.nc
MRI-ESM2-0,CMIP,esm-hist,r1i2p1f1,rsdt,gn,1/1,rsdt_Amon_MRI-ESM2-0_esm-hist_r1i2p1f1_gn_185001-201412.nc,47737949,http://esgf-data03.diasjp.net/thredds/fileServer/esg_dataroot/CMIP6/CMIP/MRI/MRI-ESM2-0/esm-hist/r1i2p1f1/Amon/rsdt/gn/v20191205/rsdt_Amon_MRI-ESM2-0_esm-hist_r1i2p1f1_gn_185001-201412.nc|http://esgf.nci.org.au/thredds/fileServer/replica/CMIP6/CMIP/MRI/MRI-ESM2-0/esm-hist/r1i2p1f1/Amon/rsdt/gn/v20191205/rsdt_Amon_MRI-ESM2-0_esm-hist_r1i2p1f1_gn_185001-201412.nc,http://esgf-data03.diasjp.net/thredds/dodsC/esg_dataroot/CMIP6/CMIP/MRI/MRI-ESM2-0/esm-hist/r1i2p1f1/Amon/rsdt/gn/v20191205/rsdt_Amon_MRI-ESM2-0_esm-hist_r1i2p1f1_gn_185001-201412.nc|http://esgf.nci.org.au/thredds/dodsC/replica/CMIP6/CMIP/MRI/MRI-ESM2-0/esm-hist/r1i2p1f1/Amon/rsdt/gn/v20191205/rsdt_Amon_MRI-ESM2-0_esm-hist_r1i2p1f1_gn_185001-201412.nc
MRI-ESM2-0,CMIP,esm-hist,r1i2p1f1,rsut,gn,1/1,rsut_Amon_MRI-ESM2-0_esm-hist_r1i2p1f1_gn_185001-201412.nc,277601305,http://esgf-data03.diasjp.net/thredds/fileServer/esg_dataroot/CMIP6/CMIP/MRI/MRI-ESM2-0/esm-hist/r1i2p1f1/Amon/rsut/gn/v20191205/rsut_Amon_MRI-ESM2-0_esm-hist_r1i2p1f1_gn_185001-201412.nc|http://esgf.nci.org.au/thredds/fileServer/replica/CMIP6/CMIP/MRI/MRI-ESM2-0/esm-hist/r1i2p1f1/Amon/rsut/gn/v20191205/rsut_Amon_MRI-ESM2-0_esm-hist_r1i2p1f1_gn_185001-201412.nc,http://esgf-data03.diasjp.net/thredds/dodsC/esg_dataroot/CMIP6/CMIP/MRI/MRI-ESM2-0/esm-hist/r1i2p1f1/Amon/rsut/gn/v20191205/rsut_Amon_MRI-ESM2-0_esm-hist_r1i2p1f1_gn_185001-201412.nc|http://esgf.nci.org.au/thredds/dodsC/replica/CMIP6/CMIP/MRI/MRI-ESM2-0/esm-hist/r1i2p1f1/Amon/rsut/gn/v20191205/rsut_Amon_MRI-ESM2-0_esm-hist_r1i2p1f1_gn_185001-201412.nc
MRI-ESM2-0,CMIP,esm-hist,r1i2p1f1,tas,gn,1/1,tas_Amon_MRI-ESM2-0_esm-hist_r1i2p1f1_gn_185001-201412.nc,225368171,http://esgf-data03.diasjp.net/thredds/fileServer/esg_dataroot/CMIP6/CMIP/MRI/MRI-ESM2-0/esm-hist/r1i2p1f1/Amon/tas/gn/v20191205/tas_Amon_MRI-ESM2-0_esm-hist_r1i2p1f1_gn_185001-201412.nc|http://esgf3.dkrz.de/thredds/fileServer/cmip6/CMIP/MRI/MRI-ESM2-0/esm-hist/r1i2p1f1/Amon/tas/gn/v20191205/tas_Amon_MRI-ESM2-0_esm-hist_r1i2p1f1_gn_185001-201412.nc|http://esgf.nci.org.au/thredds/fileServer/replica/CMIP6/CMIP/MRI/MRI-ESM2-0/esm-hist/r1i2p1f1/Amon/tas/gn/v20191205/tas_Amon_MRI-ESM2-0_esm-hist_r1i2p1f1_gn_185001-201412.nc,http://esgf-data03.diasjp.net/thredds/dodsC/esg_dataroot/CMIP6/CMIP/MRI/MRI-ESM2-0/esm-hist/r1i2p1f1/Amon/tas/gn/v20191205/tas_Amon_MRI-ESM2-0_esm-hist_r1i2p1f1_gn_185001-201412.nc|http://esgf3.dkrz.de/thredds/dodsC/cmip6/CMIP/MRI/MRI-ESM2-0/esm-hist/r1i2p1f1/Amon/tas/gn/v20191205/tas_Amon_MRI-ESM2-0_esm-hist_r1i2p1f1_gn_185001-201412.nc|http://esgf.nci.org.au/thredds/dodsC/replica/CMIP6/CMIP/MRI/MRI-ESM2-0/esm-hist/r1i2p1f1/Amon/tas/gn/v20191205/tas_Amon_MRI-ESM2-0_esm-hist_r1i2p1f1_gn_185001-201412.nc
MRI-ESM2-0,CMIP,esm-piControl,r1i2p1f1,areacella,gn,1/1,areacella_fx_MRI-ESM2-0_esm-piControl_r1i2p1f1_gn.nc,51028,http://esgf-data1.llnl.gov/thredds/fileServer/css03_data/CMIP6/CMIP/MRI/MRI-ESM2-0/esm-piControl/r1i2p1f1/fx/areacella/gn/v20191205/areacella_fx_MRI-ESM2-0_esm-piControl_r1i2p1f1_gn.nc|http://esgf-data03.diasjp.net/thredds/fileServer/esg_dataroot/CMIP6/CMIP/MRI/MRI-ESM2-0/esm-piControl/r1i2p1f1/fx/areacella/gn/v20191205/areacella_fx_MRI-ESM2-0_esm-piControl_r1i2p1f1_gn.nc|http://esgf3.dkrz.de/thredds/fileServer/cmip6/CMIP/MRI/MRI-ESM2-0/esm-piControl/r1i2p1f1/fx/areacella/gn/v20191205/areacella_fx_MRI-ESM2-0_esm-piControl_r1i2p1f1_gn.nc|http://esgf.nci.org.au/thredds/fileServer/replica/CMIP6/CMIP/MRI/MRI-ESM2-0/esm-piControl/r1i2p1f1/fx/areacella/gn/v20191205/areacella_fx_MRI-ESM2-0_esm-piControl_r1i2p1f1_gn.nc,http://esgf-data1.llnl.gov/thredds/dodsC/css03_data/CMIP6/CMIP/MRI/MRI-ESM2-0/esm-piControl/r1i2p1f1/fx/areacella/gn/v20191205/areacella_fx_MRI-ESM2-0_esm-piControl_r1i2p1f1_gn.nc|http://esgf-data03.diasjp.net/thredds/dodsC/esg_dataroot/CMIP6/CMIP/MRI/MRI-ESM2-0/esm-piControl/r1i2p1f1/fx/areacella/gn/v20191205/areacella_fx_MRI-ESM2-0_esm-piControl_r1i2p1f1_gn.nc|http://esgf3.dkrz.de/thredds/dodsC/cmip6/CMIP/MRI/MRI-ESM2-0/esm-piControl/r1i2p1f1/fx/areacella/gn/v20191205/areacella_fx_MRI-ESM2-0_esm-piControl_r1i2p1f1_gn.nc|http://esgf.nci.org.au/thredds/dodsC/replica/CMIP6/CMIP/MRI/MRI-ESM2-0/esm-piControl/r1i2p1f1/fx/areacella/gn/v20191205/areacella_fx_MRI-ESM2-0_esm-piControl_r1i2p1f1_gn.nc
MRI-ESM2-0,CMIP,esm-piControl,r1i2p1f1,rlut,gn,1/1,rlut_Amon_MRI-ESM2-0_esm-piControl_r1i2p1f1_gn_185001-210012.nc,392717768,http://esgf-data03.diasjp.net/thredds/fileServer/esg_dataroot/CMIP6/CMIP/MRI/MRI-ESM2-0/esm-piControl/r1i2p1f1/Amon/rlut/gn/v20191205/rlut_Amon_MRI-ESM2-0_esm-piControl_r1i2p1f1_gn_185001-210012.nc|http://esgf.nci.org.au/thredds/fileServer/replica/CMIP6/CMIP/MRI/MRI-ESM2-0/esm-piControl/r1i2p1f1/Amon/rlut/gn/v20191205/rlut_Amon_MRI-ESM2-0_esm-piControl_r1i2p1f1_gn_185001-210012.nc,http://esgf-data03.diasjp.net/thredds/dodsC/esg_dataroot/CMIP6/CMIP/MRI/MRI-ESM2-0/esm-piControl/r1i2p1f1/Amon/rlut/gn/v20191205/rlut_Amon_MRI-ESM2-0_esm-piControl_r1i2p1f1_gn_185001-210012.nc|http://esgf.nci.org.au/thredds/dodsC/replica/CMIP6/CMIP/MRI/MRI-ESM2-0/esm-piControl/r1i2p1f1/Amon/rlut/gn/v20191205/rlut_Amon_MRI-ESM2-0_esm-piControl_r1i2p1f1_gn_185001-210012.nc
MRI-ESM2-0,CMIP,esm-piControl,r1i2p1f1,rsdt,gn,1/1,rsdt_Amon_MRI-ESM2-0_esm-piControl_r1i2p1f1_gn_185001-210012.nc,72589694,http://esgf-data03.diasjp.net/thredds/fileServer/esg_dataroot/CMIP6/CMIP/MRI/MRI-ESM2-0/esm-piControl/r1i2p1f1/Amon/rsdt/gn/v20191205/rsdt_Amon_MRI-ESM2-0_esm-piControl_r1i2p1f1_gn_185001-210012.nc,http://esgf-data03.diasjp.net/thredds/dodsC/esg_dataroot/CMIP6/CMIP/MRI/MRI-ESM2-0/esm-piControl/r1i2p1f1/Amon/rsdt/gn/v20191205/rsdt_Amon_MRI-ESM2-0_esm-piControl_r1i2p1f1_gn_185001-210012.nc
MRI-ESM2-0,CMIP,esm-piControl,r1i2p1f1,rsut,gn,1/1,rsut_Amon_MRI-ESM2-0_esm-piControl_r1i2p1f1_gn_185001-210012.nc,422221686,http://esgf-data03.diasjp.net/thredds/fileServer/esg_dataroot/CMIP6/CMIP/MRI/MRI-ESM2-0/esm-piControl/r1i2p1f1/Amon/rsut/gn/v20191205/rsut_Amon_MRI-ESM2-0_esm-piControl_r1i2p1f1_gn_185001-210012.nc|http://esgf.nci.org.au/thredds/fileServer/replica/CMIP6/CMIP/MRI/MRI-ESM2-0/esm-piControl/r1i2p1f1/Amon/rsut/gn/v20191205/rsut_Amon_MRI-ESM2-0_esm-piControl_r1i2p1f1_gn_185001-210012.nc,http://esgf-data03.diasjp.net/thredds/dodsC/esg_dataroot/CMIP6/CMIP/MRI/MRI-ESM2-0/esm-piControl/r1i2p1f1/Amon/rsut/gn/v20191205/rsut_Amon_MRI-ESM2-0_esm-piControl_r1i2p1f1_gn_185001-210012.nc|http://esgf.nci.org.au/thredds/dodsC/replica/CMIP6/CMIP/MRI/MRI-ESM2-0/esm-piControl/r1i2p1f1/Amon/rsut/gn/v20191205/rsut_Amon_MRI-ESM2-0_esm-piControl_r1i2p1f1_gn_185001-210012.nc
MRI-ESM2-0,CMIP,esm-piControl,r1i2p1f1,tas,gn,1/1,tas_Amon_MRI-ESM2-0_esm-piControl_r1i2p1f1_gn_185001-210012.nc,342894544,http://esgf-data03.diasjp.net/thredds/fileServer/esg_dataroot/CMIP6/CMIP/MRI/MRI-ESM2-0/esm-piControl/r1i2p1f1/Amon/tas/gn/v20191205/tas_Amon_MRI-ESM2-0_esm-piControl_r1i2p1f1_gn_185001-210012.nc|http://esgf.nci.org.au/thredds/fileServer/replica/CMIP6/CMIP/MRI/MRI-ESM2-0/esm-piControl/r1i2p1f1/Amon/tas/gn/v20191205/tas_Amon_MRI-ESM2-0_esm-piControl_r1i2p1f1_gn_185001-210012.nc,http://esgf-data03.diasjp.net/thredds/dodsC/esg_dataroot/CMIP6/CMIP/MRI/MRI-ESM2-0/esm-piControl/r1i2p1f1/Amon/tas/gn/v20191205/tas_Amon_MRI-ESM2-0_esm-piControl_r1i2p1f1_gn_185001-210012.nc|http://esgf.nci.org.au/thredds/dodsC/replica/CMIP6/CMIP/MRI/MRI-ESM2-0/esm-piControl/r1i2p1f1/Amon/tas/gn/v20191205/tas_Amon_MRI-ESM2-0_esm-piControl_r1i2p1f1_gn_185001-210012.nc
MRI-ESM2-0,C4MIP,esm-ssp585,r1i2p1f1,areacella,gn,1/1,areacella_fx_MRI-ESM2-0_esm-ssp585_r1i2p1f1_gn.nc,51028,http://esgf-data03.diasjp.net/thredds/fileServer/esg_dataroot/CMIP6/C4MIP/MRI/MRI-ESM2-0/esm-ssp585/r1i2p1f1/fx/areacella/gn/v20191205/areacella_fx_MRI-ESM2-0_esm-ssp585_r1i2p1f1_gn.nc|http://esgf.nci.org.au/thredds/fileServer/replica/CMIP6/C4MIP/MRI/MRI-ESM2-0/esm-ssp585/r1i2p1f1/fx/areacella/gn/v20191205/areacella_fx_MRI-ESM2-0_esm-ssp585_r1i2p1f1_gn.nc,http://esgf-data03.diasjp.net/thredds/dodsC/esg_dataroot/CMIP6/C4MIP/MRI/MRI-ESM2-0/esm-ssp585/r1i2p1f1/fx/areacella/gn/v20191205/areacella_fx_MRI-ESM2-0_esm-ssp585_r1i2p1f1_gn.nc|http://esgf.nci.org.au/thredds/dodsC/replica/CMIP6/C4MIP/MRI/MRI-ESM2-0/esm-ssp585/r1i2p1f1/fx/areacella/gn/v20191205/areacella_fx_MRI-ESM2-0_esm-ssp585_r1i2p1f1_gn.nc
MRI-ESM2-0,C4MIP,esm-ssp585,r1i2p1f1,rlut,gn,1/1,rlut_Amon_MRI-ESM2-0_esm-ssp585_r1i2p1f1_gn_201501-210012.nc,134054483,http://esgf-data03.diasjp.net/thredds/fileServer/esg_dataroot/CMIP6/C4MIP/MRI/MRI-ESM2-0/esm-ssp585/r1i2p1f1/Amon/rlut/gn/v20191205/rlut_Amon_MRI-ESM2-0_esm-ssp585_r1i2p1f1_gn_201501-210012.nc|http://esgf.nci.org.au/thredds/fileServer/replica/CMIP6/C4MIP/MRI/MRI-ESM2-0/esm-ssp585/r1i2p1f1/Amon/rlut/gn/v20191205/rlut_Amon_MRI-ESM2-0_esm-ssp585_r1i2p1f1_gn_201501-210012.nc,http://esgf-data03.diasjp.net/thredds/dodsC/esg_dataroot/CMIP6/C4MIP/MRI/MRI-ESM2-0/esm-ssp585/r1i2p1f1/Amon/rlut/gn/v20191205/rlut_Amon_MRI-ESM2-0_esm-ssp585_r1i2p1f1_gn_201501-210012.nc|http://esgf.nci.org.au/thredds/dodsC/replica/CMIP6/C4MIP/MRI/MRI-ESM2-0/esm-ssp585/r1i2p1f1/Amon/rlut/gn/v20191205/rlut_Amon_MRI-ESM2-0_esm-ssp585_r1i2p1f1_gn_201501-210012.nc
MRI-ESM2-0,C4MIP,esm-ssp585,r1i2p1f1,rsdt,gn,1/1,rsdt_Amon_MRI-ESM2-0_esm-ssp585_r1i2p1f1_gn_201501-210012.nc,24911935,http://esgf-data03.diasjp.net/thredds/fileServer/esg_dataroot/CMIP6/C4MIP/MRI/MRI-ESM2-0/esm-ssp585/r1i2p1f1/Amon/rsdt/gn/v20191205/rsdt_Amon_MRI-ESM2-0_esm-ssp585_r1i2p1f1_gn_201501-210012.nc|http://esgf.nci.org.au/thredds/fileServer/replica/CMIP6/C4MIP/MRI/MRI-ESM2-0/esm-ssp585/r1i2p1f1/Amon/rsdt/gn/v20191205/rsdt_Amon_MRI-ESM2-0_esm-ssp585_r1i2p1f1_gn_201501-210012.nc,http://esgf-data03.diasjp.net/thredds/dodsC/esg_dataroot/CMIP6/C4MIP/MRI/MRI-ESM2-0/esm-ssp585/r1i2p1f1/Amon/rsdt/gn/v20191205/rsdt_Amon_MRI-ESM2-0_esm-ssp585_r1i2p1f1_gn_201501-210012.nc|http://esgf.nci.org.au/thredds/dodsC/replica/CMIP6/C4MIP/MRI/MRI-ESM2-0/esm-ssp585/r1i2p1f1/Amon/rsdt/gn/v20191205/rsdt_Amon_MRI-ESM2-0_esm-ssp585_r1i2p1f1_gn_201501-210012.nc
MRI-ESM2-0,C4MIP,esm-ssp585,r1i2p1f1,rsut,gn,1/1,rsut_Amon_MRI-ESM2-0_esm-ssp585_r1i2p1f1_gn_201501-210012.nc,144860598,http://esgf-data03.diasjp.net/thredds/fileServer/esg_dataroot/CMIP6/C4MIP/MRI/MRI-ESM2-0/esm-ssp585/r1i2p1f1/Amon/rsut/gn/v20191205/rsut_Amon_MRI-ESM2-0_esm-ssp585_r1i2p1f1_gn_201501-210012.nc|http://esgf.nci.org.au/thredds/fileServer/replica/CMIP6/C4MIP/MRI/MRI-ESM2-0/esm-ssp585/r1i2p1f1/Amon/rsut/gn/v20191205/rsut_Amon_MRI-ESM2-0_esm-ssp585_r1i2p1f1_gn_201501-210012.nc,http://esgf-data03.diasjp.net/thredds/dodsC/esg_dataroot/CMIP6/C4MIP/MRI/MRI-ESM2-0/esm-ssp585/r1i2p1f1/Amon/rsut/gn/v20191205/rsut_Amon_MRI-ESM2-0_esm-ssp585_r1i2p1f1_gn_201501-210012.nc|http://esgf.nci.org.au/thredds/dodsC/replica/CMIP6/C4MIP/MRI/MRI-ESM2-0/esm-ssp585/r1i2p1f1/Amon/rsut/gn/v20191205/rsut_Amon_MRI-ESM2-0_esm-ssp585_r1i2p1f1_gn_201501-210012.nc
MRI-ESM2-0,C4MIP,esm-ssp585,r1i2p1f1,tas,gn,1/1,tas_Amon_MRI-ESM2-0_esm-ssp585_r1i2p1f1_gn_201501-210012.nc,117020082,http://esgf-data03.diasjp.net/thredds/fileServer/esg_dataroot/CMIP6/C4MIP/MRI/MRI-ESM2-0/esm-ssp585/r1i2p1f1/Amon/tas/gn/v20191205/tas_Amon_MRI-ESM2-0_esm-ssp585_r1i2p1f1_gn_201501-210012.nc|http://esgf.nci.org.au/thredds/fileServer/replica/CMIP6/C4MIP/MRI/MRI-ESM2-0/esm-ssp585/r1i2p1f1/Amon/tas/gn/v20191205/tas_Amon_MRI-ESM2-0_esm-ssp585_r1i2p1f1_gn_201501-210012.nc,http://esgf-data03.diasjp.net/thredds/dodsC/esg_dataroot/CMIP6/C4MIP/MRI/MRI-ESM2-0/esm-ssp585/r1i2p1f1/Amon/tas/gn/v20191205/tas_Amon_MRI-ESM2-0_esm-ssp585_r1i2p1f1_gn_201501-210012.nc|http://esgf.nci.org.au/thredds/dodsC/replica/CMIP6/C4MIP/MRI/MRI-ESM2-0/esm-ssp585/r1i2p1f1/Amon/tas/gn/v20191205/tas_Amon_MRI-ESM2-0_esm-ssp585_r1i2p1f1_gn_201501-210012.nc
MRI-ESM2-0,CMIP,historical,r1i1p1f1,areacella,gn,1/1,areacella_fx_MRI-ESM2-0_historical_r1i1p1f1_gn.nc,51005,http://aims3.llnl.gov/thredds/fileServer/css03_data/CMIP6/CMIP/MRI/MRI-ESM2-0/historical/r1i1p1f1/fx/areacella/gn/v20190603/areacella_fx_MRI-ESM2-0_historical_r1i1p1f1_gn.nc|http://esgf-data03.diasjp.net/thredds/fileServer/esg_dataroot/CMIP6/CMIP/MRI/MRI-ESM2-0/historical/r1i1p1f1/fx/areacella/gn/v20190603/areacella_fx_MRI-ESM2-0_historical_r1i1p1f1_gn.nc|http://esgf3.dkrz.de/thredds/fileServer/cmip6/CMIP/MRI/MRI-ESM2-0/historical/r1i1p1f1/fx/areacella/gn/v20190603/areacella_fx_MRI-ESM2-0_historical_r1i1p1f1_gn.nc|https://esgf.ceda.ac.uk/thredds/fileServer/esg_cmip6/CMIP6/CMIP/MRI/MRI-ESM2-0/historical/r1i1p1f1/fx/areacella/gn/v20190603/areacella_fx_MRI-ESM2-0_historical_r1i1p1f1_gn.nc|http://esgf.nci.org.au/thredds/fileServer/replica/CMIP6/CMIP/MRI/MRI-ESM2-0/historical/r1i1p1f1/fx/areacella/gn/v20190603/areacella_fx_MRI-ESM2-0_historical_r1i1p1f1_gn.nc,http://aims3.llnl.gov/thredds/dodsC/css03_data/CMIP6/CMIP/MRI/MRI-ESM2-0/historical/r1i1p1f1/fx/areacella/gn/v20190603/areacella_fx_MRI-ESM2-0_historical_r1i1p1f1_gn.nc|http://esgf-data03.diasjp.net/thredds/dodsC/esg_dataroot/CMIP6/CMIP/MRI/MRI-ESM2-0/historical/r1i1p1f1/fx/areacella/gn/v20190603/areacella_fx_MRI-ESM2-0_historical_r1i1p1f1_gn.nc|http://esgf3.dkrz.de/thredds/dodsC/cmip6/CMIP/MRI/MRI-ESM2-0/historical/r1i1p1f1/fx/areacella/gn/v20190603/areacella_fx_MRI-ESM2-0_historical_r1i1p1f1_gn.nc|https://esgf.ceda.ac.uk/thredds/dodsC/esg_cmip6/CMIP6/CMIP/MRI/MRI-ESM2-0/historical/r1i1p1f1/fx/areacella/gn/v20190603/areacella_fx_MRI-ESM2-0_historical_r1i1p1f1_gn.nc|http://esgf.nci.org.au/thredds/dodsC/replica/CMIP6/CMIP/MRI/MRI-ESM2-0/historical/r1i1p1f1/fx/areacella/gn/v20190603/areacella_fx_MRI-ESM2-0_historical_r1i1p1f1_gn.nc
MRI-ESM2-0,CMIP,historical,r1i1p1f1,rlut,gn,1/1,rlut_Amon_MRI-ESM2-0_historical_r1i1p1f1_gn_185001-201412.nc,258144103,http://aims3.llnl.gov/thredds/fileServer/css03_data/CMIP6/CMIP/MRI/MRI-ESM2-0/historical/r1i1p1f1/Amon/rlut/gn/v20190222/rlut_Amon_MRI-ESM2-0_historical_r1i1p1f1_gn_185001-201412.nc|http://esgf-data03.diasjp.net/thredds/fileServer/esg_dataroot/CMIP6/CMIP/MRI/MRI-ESM2-0/historical/r1i1p1f1/Amon/rlut/gn/v20190222/rlut_Amon_MRI-ESM2-0_historical_r1i1p1f1_gn_185001-201412.nc|http://esgf3.dkrz.de/thredds/fileServer/cmip6/CMIP/MRI/MRI-ESM2-0/historical/r1i1p1f1/Amon/rlut/gn/v20190222/rlut_Amon_MRI-ESM2-0_historical_r1i1p1f1_gn_185001-201412.nc|https://esgf.ceda.ac.uk/thredds/fileServer/esg_cmip6/CMIP6/CMIP/MRI/MRI-ESM2-0/historical/r1i1p1f1/Amon/rlut/gn/v20190222/rlut_Amon_MRI-ESM2-0_historical_r1i1p1f1_gn_185001-201412.nc|http://esgf.nci.org.au/thredds/fileServer/replica/CMIP6/CMIP/MRI/MRI-ESM2-0/historical/r1i1p1f1/Amon/rlut/gn/v20190222/rlut_Amon_MRI-ESM2-0_historical_r1i1p1f1_gn_185001-201412.nc,http://aims3.llnl.gov/thredds/dodsC/css03_data/CMIP6/CMIP/MRI/MRI-ESM2-0/historical/r1i1p1f1/Amon/rlut/gn/v20190222/rlut_Amon_MRI-ESM2-0_historical_r1i1p1f1_gn_185001-201412.nc|http://esgf-data03.diasjp.net/thredds/dodsC/esg_dataroot/CMIP6/CMIP/MRI/MRI-ESM2-0/historical/r1i1p1f1/Amon/rlut/gn/v20190222/rlut_Amon_MRI-ESM2-0_historical_r1i1p1f1_gn_185001-201412.nc|http://esgf3.dkrz.de/thredds/dodsC/cmip6/CMIP/MRI/MRI-ESM2-0/historical/r1i1p1f1/Amon/rlut/gn/v20190222/rlut_Amon_MRI-ESM2-0_historical_r1i1p1f1_gn_185001-201412.nc|https://esgf.ceda.ac.uk/thredds/dodsC/esg_cmip6/CMIP6/CMIP/MRI/MRI-ESM2-0/historical/r1i1p1f1/Amon/rlut/gn/v20190222/rlut_Amon_MRI-ESM2-0_historical_r1i1p1f1_gn_185001-201412.nc|http://esgf.nci.org.au/thredds/dodsC/replica/CMIP6/CMIP/MRI/MRI-ESM2-0/historical/r1i1p1f1/Amon/rlut/gn/v20190222/rlut_Amon_MRI-ESM2-0_historical_r1i1p1f1_gn_185001-201412.nc
MRI-ESM2-0,CMIP,historical,r1i1p1f1,rsdt,gn,1/1,rsdt_Amon_MRI-ESM2-0_historical_r1i1p1f1_gn_185001-201412.nc,47737926,http://aims3.llnl.gov/thredds/fileServer/css03_data/CMIP6/CMIP/MRI/MRI-ESM2-0/historical/r1i1p1f1/Amon/rsdt/gn/v20190222/rsdt_Amon_MRI-ESM2-0_historical_r1i1p1f1_gn_185001-201412.nc|http://esgf-data03.diasjp.net/thredds/fileServer/esg_dataroot/CMIP6/CMIP/MRI/MRI-ESM2-0/historical/r1i1p1f1/Amon/rsdt/gn/v20190222/rsdt_Amon_MRI-ESM2-0_historical_r1i1p1f1_gn_185001-201412.nc,http://aims3.llnl.gov/thredds/dodsC/css03_data/CMIP6/CMIP/MRI/MRI-ESM2-0/historical/r1i1p1f1/Amon/rsdt/gn/v20190222/rsdt_Amon_MRI-ESM2-0_historical_r1i1p1f1_gn_185001-201412.nc|http://esgf-data03.diasjp.net/thredds/dodsC/esg_dataroot/CMIP6/CMIP/MRI/MRI-ESM2-0/historical/r1i1p1f1/Amon/rsdt/gn/v20190222/rsdt_Amon_MRI-ESM2-0_historical_r1i1p1f1_gn_185001-201412.nc
MRI-ESM2-0,CMIP,historical,r1i1p1f1,rsut,gn,1/1,rsut_Amon_MRI-ESM2-0_historical_r1i1p1f1_gn_185001-201412.nc,277537873,http://aims3.llnl.gov/thredds/fileServer/css03_data/CMIP6/CMIP/MRI/MRI-ESM2-0/historical/r1i1p1f1/Amon/rsut/gn/v20190222/rsut_Amon_MRI-ESM2-0_historical_r1i1p1f1_gn_185001-201412.nc|http://esgf-data03.diasjp.net/thredds/fileServer/esg_dataroot/CMIP6/CMIP/MRI/MRI-ESM2-0/historical/r1i1p1f1/Amon/rsut/gn/v20190222/rsut_Amon_MRI-ESM2-0_historical_r1i1p1f1_gn_185001-201412.nc,http://aims3.llnl.gov/thredds/dodsC/css03_data/CMIP6/CMIP/MRI/MRI-ESM2-0/historical/r1i1p1f1/Amon/rsut/gn/v20190222/rsut_Amon_MRI-ESM2-0_historical_r1i1p1f1_gn_185001-201412.nc|http://esgf-data03.diasjp.net/thredds/dodsC/esg_dataroot/CMIP6/CMIP/MRI/MRI-ESM2-0/historical/r1i1p1f1/Amon/rsut/gn/v20190222/rsut_Amon_MRI-ESM2-0_historical_r1i1p1f1_gn_185001-201412.nc
MRI-ESM2-0,CMIP,historical,r1i1p1f1,tas,gn,1/1,tas_Amon_MRI-ESM2-0_historical_r1i1p1f1_gn_185001-201412.nc,225391459,http://aims3.llnl.gov/thredds/fileServer/css03_data/CMIP6/CMIP/MRI/MRI-ESM2-0/historical/r1i1p1f1/Amon/tas/gn/v20190222/tas_Amon_MRI-ESM2-0_historical_r1i1p1f1_gn_185001-201412.nc|http://esgf-data03.diasjp.net/thredds/fileServer/esg_dataroot/CMIP6/CMIP/MRI/MRI-ESM2-0/historical/r1i1p1f1/Amon/tas/gn/v20190222/tas_Amon_MRI-ESM2-0_historical_r1i1p1f1_gn_185001-201412.nc,http://aims3.llnl.gov/thredds/dodsC/css03_data/CMIP6/CMIP/MRI/MRI-ESM2-0/historical/r1i1p1f1/Amon/tas/gn/v20190222/tas_Amon_MRI-ESM2-0_historical_r1i1p1f1_gn_185001-201412.nc|http://esgf-data03.diasjp.net/thredds/dodsC/esg_dataroot/CMIP6/CMIP/MRI/MRI-ESM2-0/historical/r1i1p1f1/Amon/tas/gn/v20190222/tas_Amon_MRI-ESM2-0_historical_r1i1p1f1_gn_185001-201412.nc
MRI-ESM2-0,CMIP,piControl,r1i1p1f1,areacella,gn,1/1,areacella_fx_MRI-ESM2-0_piControl_r1i1p1f1_gn.nc,51005,http://aims3.llnl.gov/thredds/fileServer/css03_data/CMIP6/CMIP/MRI/MRI-ESM2-0/piControl/r1i1p1f1/fx/areacella/gn/v20190603/areacella_fx_MRI-ESM2-0_piControl_r1i1p1f1_gn.nc|http://esgf-data03.diasjp.net/thredds/fileServer/esg_dataroot/CMIP6/CMIP/MRI/MRI-ESM2-0/piControl/r1i1p1f1/fx/areacella/gn/v20190603/areacella_fx_MRI-ESM2-0_piControl_r1i1p1f1_gn.nc|http://esgf3.dkrz.de/thredds/fileServer/cmip6/CMIP/MRI/MRI-ESM2-0/piControl/r1i1p1f1/fx/areacella/gn/v20190603/areacella_fx_MRI-ESM2-0_piControl_r1i1p1f1_gn.nc|http://esgf.nci.org.au/thredds/fileServer/replica/CMIP6/CMIP/MRI/MRI-ESM2-0/piControl/r1i1p1f1/fx/areacella/gn/v20190603/areacella_fx_MRI-ESM2-0_piControl_r1i1p1f1_gn.nc,http://aims3.llnl.gov/thredds/dodsC/css03_data/CMIP6/CMIP/MRI/MRI-ESM2-0/piControl/r1i1p1f1/fx/areacella/gn/v20190603/areacella_fx_MRI-ESM2-0_piControl_r1i1p1f1_gn.nc|http://esgf-data03.diasjp.net/thredds/dodsC/esg_dataroot/CMIP6/CMIP/MRI/MRI-ESM2-0/piControl/r1i1p1f1/fx/areacella/gn/v20190603/areacella_fx_MRI-ESM2-0_piControl_r1i1p1f1_gn.nc|http://esgf3.dkrz.de/thredds/dodsC/cmip6/CMIP/MRI/MRI-ESM2-0/piControl/r1i1p1f1/fx/areacella/gn/v20190603/areacella_fx_MRI-ESM2-0_piControl_r1i1p1f1_gn.nc|http://esgf.nci.org.au/thredds/dodsC/replica/CMIP6/CMIP/MRI/MRI-ESM2-0/piControl/r1i1p1f1/fx/areacella/gn/v20190603/areacella_fx_MRI-ESM2-0_piControl_r1i1p1f1_gn.nc
MRI-ESM2-0,CMIP,piControl,r1i1p1f1,rlut,gn,1/1,rlut_Amon_MRI-ESM2-0_piControl_r1i1p1f1_gn_185001-255012.nc,1096734484,http://aims3.llnl.gov/thredds/fileServer/css03_data/CMIP6/CMIP/MRI/MRI-ESM2-0/piControl/r1i1p1f1/Amon/rlut/gn/v20190222/rlut_Amon_MRI-ESM2-0_piControl_r1i1p1f1_gn_185001-255012.nc|http://esgf-data03.diasjp.net/thredds/fileServer/esg_dataroot/CMIP6/CMIP/MRI/MRI-ESM2-0/piControl/r1i1p1f1/Amon/rlut/gn/v20190222/rlut_Amon_MRI-ESM2-0_piControl_r1i1p1f1_gn_185001-255012.nc|http://esgf3.dkrz.de/thredds/fileServer/cmip6/CMIP/MRI/MRI-ESM2-0/piControl/r1i1p1f1/Amon/rlut/gn/v20190222/rlut_Amon_MRI-ESM2-0_piControl_r1i1p1f1_gn_185001-255012.nc|https://esgf.ceda.ac.uk/thredds/fileServer/esg_cmip6/CMIP6/CMIP/MRI/MRI-ESM2-0/piControl/r1i1p1f1/Amon/rlut/gn/v20190222/rlut_Amon_MRI-ESM2-0_piControl_r1i1p1f1_gn_185001-255012.nc|http://esgf.nci.org.au/thredds/fileServer/replica/CMIP6/CMIP/MRI/MRI-ESM2-0/piControl/r1i1p1f1/Amon/rlut/gn/v20190222/rlut_Amon_MRI-ESM2-0_piControl_r1i1p1f1_gn_185001-255012.nc,http://aims3.llnl.gov/thredds/dodsC/css03_data/CMIP6/CMIP/MRI/MRI-ESM2-0/piControl/r1i1p1f1/Amon/rlut/gn/v20190222/rlut_Amon_MRI-ESM2-0_piControl_r1i1p1f1_gn_185001-255012.nc|http://esgf-data03.diasjp.net/thredds/dodsC/esg_dataroot/CMIP6/CMIP/MRI/MRI-ESM2-0/piControl/r1i1p1f1/Amon/rlut/gn/v20190222/rlut_Amon_MRI-ESM2-0_piControl_r1i1p1f1_gn_185001-255012.nc|http://esgf3.dkrz.de/thredds/dodsC/cmip6/CMIP/MRI/MRI-ESM2-0/piControl/r1i1p1f1/Amon/rlut/gn/v20190222/rlut_Amon_MRI-ESM2-0_piControl_r1i1p1f1_gn_185001-255012.nc|https://esgf.ceda.ac.uk/thredds/dodsC/esg_cmip6/CMIP6/CMIP/MRI/MRI-ESM2-0/piControl/r1i1p1f1/Amon/rlut/gn/v20190222/rlut_Amon_MRI-ESM2-0_piControl_r1i1p1f1_gn_185001-255012.nc|http://esgf.nci.org.au/thredds/dodsC/replica/CMIP6/CMIP/MRI/MRI-ESM2-0/piControl/r1i1p1f1/Amon/rlut/gn/v20190222/rlut_Amon_MRI-ESM2-0_piControl_r1i1p1f1_gn_185001-255012.nc
MRI-ESM2-0,CMIP,piControl,r1i1p1f1,rsdt,gn,1/1,rsdt_Amon_MRI-ESM2-0_piControl_r1i1p1f1_gn_185001-255012.nc,202648791,http://aims3.llnl.gov/thredds/fileServer/css03_data/CMIP6/CMIP/MRI/MRI-ESM2-0/piControl/r1i1p1f1/Amon/rsdt/gn/v20190222/rsdt_Amon_MRI-ESM2-0_piControl_r1i1p1f1_gn_185001-255012.nc|http://esgf-data03.diasjp.net/thredds/fileServer/esg_dataroot/CMIP6/CMIP/MRI/MRI-ESM2-0/piControl/r1i1p1f1/Amon/rsdt/gn/v20190222/rsdt_Amon_MRI-ESM2-0_piControl_r1i1p1f1_gn_185001-255012.nc|http://esgf3.dkrz.de/thredds/fileServer/cmip6/CMIP/MRI/MRI-ESM2-0/piControl/r1i1p1f1/Amon/rsdt/gn/v20190222/rsdt_Amon_MRI-ESM2-0_piControl_r1i1p1f1_gn_185001-255012.nc|https://esgf.ceda.ac.uk/thredds/fileServer/esg_cmip6/CMIP6/CMIP/MRI/MRI-ESM2-0/piControl/r1i1p1f1/Amon/rsdt/gn/v20190222/rsdt_Amon_MRI-ESM2-0_piControl_r1i1p1f1_gn_185001-255012.nc|http://esgf.nci.org.au/thredds/fileServer/replica/CMIP6/CMIP/MRI/MRI-ESM2-0/piControl/r1i1p1f1/Amon/rsdt/gn/v20190222/rsdt_Amon_MRI-ESM2-0_piControl_r1i1p1f1_gn_185001-255012.nc,http://aims3.llnl.gov/thredds/dodsC/css03_data/CMIP6/CMIP/MRI/MRI-ESM2-0/piControl/r1i1p1f1/Amon/rsdt/gn/v20190222/rsdt_Amon_MRI-ESM2-0_piControl_r1i1p1f1_gn_185001-255012.nc|http://esgf-data03.diasjp.net/thredds/dodsC/esg_dataroot/CMIP6/CMIP/MRI/MRI-ESM2-0/piControl/r1i1p1f1/Amon/rsdt/gn/v20190222/rsdt_Amon_MRI-ESM2-0_piControl_r1i1p1f1_gn_185001-255012.nc|http://esgf3.dkrz.de/thredds/dodsC/cmip6/CMIP/MRI/MRI-ESM2-0/piControl/r1i1p1f1/Amon/rsdt/gn/v20190222/rsdt_Amon_MRI-ESM2-0_piControl_r1i1p1f1_gn_185001-255012.nc|https://esgf.ceda.ac.uk/thredds/dodsC/esg_cmip6/CMIP6/CMIP/MRI/MRI-ESM2-0/piControl/r1i1p1f1/Amon/rsdt/gn/v20190222/rsdt_Amon_MRI-ESM2-0_piControl_r1i1p1f1_gn_185001-255012.nc|http://esgf.nci.org.au/thredds/dodsC/replica/CMIP6/CMIP/MRI/MRI-ESM2-0/piControl/r1i1p1f1/Amon/rsdt/gn/v20190222/rsdt_Amon_MRI-ESM2-0_piControl_r1i1p1f1_gn_185001-255012.nc
MRI-ESM2-0,CMIP,piControl,r1i1p1f1,rsut,gn,1/1,rsut_Amon_MRI-ESM2-0_piControl_r1i1p1f1_gn_185001-255012.nc,1178899885,http://aims3.llnl.gov/thredds/fileServer/css03_data/CMIP6/CMIP/MRI/MRI-ESM2-0/piControl/r1i1p1f1/Amon/rsut/gn/v20190222/rsut_Amon_MRI-ESM2-0_piControl_r1i1p1f1_gn_185001-255012.nc|http://esgf-data03.diasjp.net/thredds/fileServer/esg_dataroot/CMIP6/CMIP/MRI/MRI-ESM2-0/piControl/r1i1p1f1/Amon/rsut/gn/v20190222/rsut_Amon_MRI-ESM2-0_piControl_r1i1p1f1_gn_185001-255012.nc|http://esgf3.dkrz.de/thredds/fileServer/cmip6/CMIP/MRI/MRI-ESM2-0/piControl/r1i1p1f1/Amon/rsut/gn/v20190222/rsut_Amon_MRI-ESM2-0_piControl_r1i1p1f1_gn_185001-255012.nc|https://esgf.ceda.ac.uk/thredds/fileServer/esg_cmip6/CMIP6/CMIP/MRI/MRI-ESM2-0/piControl/r1i1p1f1/Amon/rsut/gn/v20190222/rsut_Amon_MRI-ESM2-0_piControl_r1i1p1f1_gn_185001-255012.nc|http://esgf.nci.org.au/thredds/fileServer/replica/CMIP6/CMIP/MRI/MRI-ESM2-0/piControl/r1i1p1f1/Amon/rsut/gn/v20190222/rsut_Amon_MRI-ESM2-0_piControl_r1i1p1f1_gn_185001-255012.nc,http://aims3.llnl.gov/thredds/dodsC/css03_data/CMIP6/CMIP/MRI/MRI-ESM2-0/piControl/r1i1p1f1/Amon/rsut/gn/v20190222/rsut_Amon_MRI-ESM2-0_piControl_r1i1p1f1_gn_185001-255012.nc|http://esgf-data03.diasjp.net/thredds/dodsC/esg_dataroot/CMIP6/CMIP/MRI/MRI-ESM2-0/piControl/r1i1p1f1/Amon/rsut/gn/v20190222/rsut_Amon_MRI-ESM2-0_piControl_r1i1p1f1_gn_185001-255012.nc|http://esgf3.dkrz.de/thredds/dodsC/cmip6/CMIP/MRI/MRI-ESM2-0/piControl/r1i1p1f1/Amon/rsut/gn/v20190222/rsut_Amon_MRI-ESM2-0_piControl_r1i1p1f1_gn_185001-255012.nc|https://esgf.ceda.ac.uk/thredds/dodsC/esg_cmip6/CMIP6/CMIP/MRI/MRI-ESM2-0/piControl/r1i1p1f1/Amon/rsut/gn/v20190222/rsut_Amon_MRI-ESM2-0_piControl_r1i1p1f1_gn_185001-255012.nc|http://esgf.nci.org.au/thredds/dodsC/replica/CMIP6/CMIP/MRI/MRI-ESM2-0/piControl/r1i1p1f1/Amon/rsut/gn/v20190222/rsut_Amon_MRI-ESM2-0_piControl_r1i1p1f1_gn_185001-255012.nc
MRI-ESM2-0,CMIP,piControl,r1i1p1f1,tas,gn,1/1,tas_Amon_MRI-ESM2-0_piControl_r1i1p1f1_gn_185001-255012.nc,957710466,http://aims3.llnl.gov/thredds/fileServer/css03_data/CMIP6/CMIP/MRI/MRI-ESM2-0/piControl/r1i1p1f1/Amon/tas/gn/v20190222/tas_Amon_MRI-ESM2-0_piControl_r1i1p1f1_gn_185001-255012.nc|http://esgf-data03.diasjp.net/thredds/fileServer/esg_dataroot/CMIP6/CMIP/MRI/MRI-ESM2-0/piControl/r1i1p1f1/Amon/tas/gn/v20190222/tas_Amon_MRI-ESM2-0_piControl_r1i1p1f1_gn_185001-255012.nc|http://esgf3.dkrz.de/thredds/fileServer/cmip6/CMIP/MRI/MRI-ESM2-0/piControl/r1i1p1f1/Amon/tas/gn/v20190222/tas_Amon_MRI-ESM2-0_piControl_r1i1p1f1_gn_185001-255012.nc|https://esgf.ceda.ac.uk/thredds/fileServer/esg_cmip6/CMIP6/CMIP/MRI/MRI-ESM2-0/piControl/r1i1p1f1/Amon/tas/gn/v20190222/tas_Amon_MRI-ESM2-0_piControl_r1i1p1f1_gn_185001-255012.nc|http://esgf.nci.org.au/thredds/fileServer/replica/CMIP6/CMIP/MRI/MRI-ESM2-0/piControl/r1i1p1f1/Amon/tas/gn/v20190222/tas_Amon_MRI-ESM2-0_piControl_r1i1p1f1_gn_185001-255012.nc,http://aims3.llnl.gov/thredds/dodsC/css03_data/CMIP6/CMIP/MRI/MRI-ESM2-0/piControl/r1i1p1f1/Amon/tas/gn/v20190222/tas_Amon_MRI-ESM2-0_piControl_r1i1p1f1_gn_185001-255012.nc|http://esgf-data03.diasjp.net/thredds/dodsC/esg_dataroot/CMIP6/CMIP/MRI/MRI-ESM2-0/piControl/r1i1p1f1/Amon/tas/gn/v20190222/tas_Amon_MRI-ESM2-0_piControl_r1i1p1f1_gn_185001-255012.nc|http://esgf3.dkrz.de/thredds/dodsC/cmip6/CMIP/MRI/MRI-ESM2-0/piControl/r1i1p1f1/Amon/tas/gn/v20190222/tas_Amon_MRI-ESM2-0_piControl_r1i1p1f1_gn_185001-255012.nc|https://esgf.ceda.ac.uk/thredds/dodsC/esg_cmip6/CMIP6/CMIP/MRI/MRI-ESM2-0/piControl/r1i1p1f1/Amon/tas/gn/v20190222/tas_Amon_MRI-ESM2-0_piControl_r1i1p1f1_gn_185001-255012.nc|http://esgf.nci.org.au/thredds/dodsC/replica/CMIP6/CMIP/MRI/MRI-ESM2-0/piControl/r1i1p1f1/Amon/tas/gn/v20190222/tas_Amon_MRI-ESM2-0_piControl_r1i1p1f1_gn_185001-255012.nc
MRI-ESM2-0,ScenarioMIP,ssp119,r1i1p1f1,areacella,gn,1/1,areacella_fx_MRI-ESM2-0_ssp119_r1i1p1f1_gn.nc,51005,http://aims3.llnl.gov/thredds/fileServer/css03_data/CMIP6/ScenarioMIP/MRI/MRI-ESM2-0/ssp119/r1i1p1f1/fx/areacella/gn/v20190603/areacella_fx_MRI-ESM2-0_ssp119_r1i1p1f1_gn.nc|http://esgf-data03.diasjp.net/thredds/fileServer/esg_dataroot/CMIP6/ScenarioMIP/MRI/MRI-ESM2-0/ssp119/r1i1p1f1/fx/areacella/gn/v20190603/areacella_fx_MRI-ESM2-0_ssp119_r1i1p1f1_gn.nc|http://esgf3.dkrz.de/thredds/fileServer/cmip6/ScenarioMIP/MRI/MRI-ESM2-0/ssp119/r1i1p1f1/fx/areacella/gn/v20190603/areacella_fx_MRI-ESM2-0_ssp119_r1i1p1f1_gn.nc|https://esgf.ceda.ac.uk/thredds/fileServer/esg_cmip6/CMIP6/ScenarioMIP/MRI/MRI-ESM2-0/ssp119/r1i1p1f1/fx/areacella/gn/v20190603/areacella_fx_MRI-ESM2-0_ssp119_r1i1p1f1_gn.nc|http://esgf.nci.org.au/thredds/fileServer/replica/CMIP6/ScenarioMIP/MRI/MRI-ESM2-0/ssp119/r1i1p1f1/fx/areacella/gn/v20190603/areacella_fx_MRI-ESM2-0_ssp119_r1i1p1f1_gn.nc,http://aims3.llnl.gov/thredds/dodsC/css03_data/CMIP6/ScenarioMIP/MRI/MRI-ESM2-0/ssp119/r1i1p1f1/fx/areacella/gn/v20190603/areacella_fx_MRI-ESM2-0_ssp119_r1i1p1f1_gn.nc|http://esgf-data03.diasjp.net/thredds/dodsC/esg_dataroot/CMIP6/ScenarioMIP/MRI/MRI-ESM2-0/ssp119/r1i1p1f1/fx/areacella/gn/v20190603/areacella_fx_MRI-ESM2-0_ssp119_r1i1p1f1_gn.nc|http://esgf3.dkrz.de/thredds/dodsC/cmip6/ScenarioMIP/MRI/MRI-ESM2-0/ssp119/r1i1p1f1/fx/areacella/gn/v20190603/areacella_fx_MRI-ESM2-0_ssp119_r1i1p1f1_gn.nc|https://esgf.ceda.ac.uk/thredds/dodsC/esg_cmip6/CMIP6/ScenarioMIP/MRI/MRI-ESM2-0/ssp119/r1i1p1f1/fx/areacella/gn/v20190603/areacella_fx_MRI-ESM2-0_ssp119_r1i1p1f1_gn.nc|http://esgf.nci.org.au/thredds/dodsC/replica/CMIP6/ScenarioMIP/MRI/MRI-ESM2-0/ssp119/r1i1p1f1/fx/areacella/gn/v20190603/areacella_fx_MRI-ESM2-0_ssp119_r1i1p1f1_gn.nc
MRI-ESM2-0,ScenarioMIP,ssp119,r1i1p1f1,rlut,gn,1/1,rlut_Amon_MRI-ESM2-0_ssp119_r1i1p1f1_gn_201501-210012.nc,134278850,http://aims3.llnl.gov/thredds/fileServer/css03_data/CMIP6/ScenarioMIP/MRI/MRI-ESM2-0/ssp119/r1i1p1f1/Amon/rlut/gn/v20190222/rlut_Amon_MRI-ESM2-0_ssp119_r1i1p1f1_gn_201501-210012.nc|http://esgf-data03.diasjp.net/thredds/fileServer/esg_dataroot/CMIP6/ScenarioMIP/MRI/MRI-ESM2-0/ssp119/r1i1p1f1/Amon/rlut/gn/v20190222/rlut_Amon_MRI-ESM2-0_ssp119_r1i1p1f1_gn_201501-210012.nc|http://esgf3.dkrz.de/thredds/fileServer/cmip6/ScenarioMIP/MRI/MRI-ESM2-0/ssp119/r1i1p1f1/Amon/rlut/gn/v20190222/rlut_Amon_MRI-ESM2-0_ssp119_r1i1p1f1_gn_201501-210012.nc|https://esgf.ceda.ac.uk/thredds/fileServer/esg_cmip6/CMIP6/ScenarioMIP/MRI/MRI-ESM2-0/ssp119/r1i1p1f1/Amon/rlut/gn/v20190222/rlut_Amon_MRI-ESM2-0_ssp119_r1i1p1f1_gn_201501-210012.nc|http://esgf.nci.org.au/thredds/fileServer/replica/CMIP6/ScenarioMIP/MRI/MRI-ESM2-0/ssp119/r1i1p1f1/Amon/rlut/gn/v20190222/rlut_Amon_MRI-ESM2-0_ssp119_r1i1p1f1_gn_201501-210012.nc,http://aims3.llnl.gov/thredds/dodsC/css03_data/CMIP6/ScenarioMIP/MRI/MRI-ESM2-0/ssp119/r1i1p1f1/Amon/rlut/gn/v20190222/rlut_Amon_MRI-ESM2-0_ssp119_r1i1p1f1_gn_201501-210012.nc|http://esgf-data03.diasjp.net/thredds/dodsC/esg_dataroot/CMIP6/ScenarioMIP/MRI/MRI-ESM2-0/ssp119/r1i1p1f1/Amon/rlut/gn/v20190222/rlut_Amon_MRI-ESM2-0_ssp119_r1i1p1f1_gn_201501-210012.nc|http://esgf3.dkrz.de/thredds/dodsC/cmip6/ScenarioMIP/MRI/MRI-ESM2-0/ssp119/r1i1p1f1/Amon/rlut/gn/v20190222/rlut_Amon_MRI-ESM2-0_ssp119_r1i1p1f1_gn_201501-210012.nc|https://esgf.ceda.ac.uk/thredds/dodsC/esg_cmip6/CMIP6/ScenarioMIP/MRI/MRI-ESM2-0/ssp119/r1i1p1f1/Amon/rlut/gn/v20190222/rlut_Amon_MRI-ESM2-0_ssp119_r1i1p1f1_gn_201501-210012.nc|http://esgf.nci.org.au/thredds/dodsC/replica/CMIP6/ScenarioMIP/MRI/MRI-ESM2-0/ssp119/r1i1p1f1/Amon/rlut/gn/v20190222/rlut_Amon_MRI-ESM2-0_ssp119_r1i1p1f1_gn_201501-210012.nc
MRI-ESM2-0,ScenarioMIP,ssp119,r1i1p1f1,rsdt,gn,1/1,rsdt_Amon_MRI-ESM2-0_ssp119_r1i1p1f1_gn_201501-210012.nc,24911912,http://aims3.llnl.gov/thredds/fileServer/css03_data/CMIP6/ScenarioMIP/MRI/MRI-ESM2-0/ssp119/r1i1p1f1/Amon/rsdt/gn/v20190222/rsdt_Amon_MRI-ESM2-0_ssp119_r1i1p1f1_gn_201501-210012.nc|http://esgf-data03.diasjp.net/thredds/fileServer/esg_dataroot/CMIP6/ScenarioMIP/MRI/MRI-ESM2-0/ssp119/r1i1p1f1/Amon/rsdt/gn/v20190222/rsdt_Amon_MRI-ESM2-0_ssp119_r1i1p1f1_gn_201501-210012.nc|http://esgf3.dkrz.de/thredds/fileServer/cmip6/ScenarioMIP/MRI/MRI-ESM2-0/ssp119/r1i1p1f1/Amon/rsdt/gn/v20190222/rsdt_Amon_MRI-ESM2-0_ssp119_r1i1p1f1_gn_201501-210012.nc|https://esgf.ceda.ac.uk/thredds/fileServer/esg_cmip6/CMIP6/ScenarioMIP/MRI/MRI-ESM2-0/ssp119/r1i1p1f1/Amon/rsdt/gn/v20190222/rsdt_Amon_MRI-ESM2-0_ssp119_r1i1p1f1_gn_201501-210012.nc|http://esgf.nci.org.au/thredds/fileServer/replica/CMIP6/ScenarioMIP/MRI/MRI-ESM2-0/ssp119/r1i1p1f1/Amon/rsdt/gn/v20190222/rsdt_Amon_MRI-ESM2-0_ssp119_r1i1p1f1_gn_201501-210012.nc,http://aims3.llnl.gov/thredds/dodsC/css03_data/CMIP6/ScenarioMIP/MRI/MRI-ESM2-0/ssp119/r1i1p1f1/Amon/rsdt/gn/v20190222/rsdt_Amon_MRI-ESM2-0_ssp119_r1i1p1f1_gn_201501-210012.nc|http://esgf-data03.diasjp.net/thredds/dodsC/esg_dataroot/CMIP6/ScenarioMIP/MRI/MRI-ESM2-0/ssp119/r1i1p1f1/Amon/rsdt/gn/v20190222/rsdt_Amon_MRI-ESM2-0_ssp119_r1i1p1f1_gn_201501-210012.nc|http://esgf3.dkrz.de/thredds/dodsC/cmip6/ScenarioMIP/MRI/MRI-ESM2-0/ssp119/r1i1p1f1/Amon/rsdt/gn/v20190222/rsdt_Amon_MRI-ESM2-0_ssp119_r1i1p1f1_gn_201501-210012.nc|https://esgf.ceda.ac.uk/thredds/dodsC/esg_cmip6/CMIP6/ScenarioMIP/MRI/MRI-ESM2-0/ssp119/r1i1p1f1/Amon/rsdt/gn/v20190222/rsdt_Amon_MRI-ESM2-0_ssp119_r1i1p1f1_gn_201501-210012.nc|http://esgf.nci.org.au/thredds/dodsC/replica/CMIP6/ScenarioMIP/MRI/MRI-ESM2-0/ssp119/r1i1p1f1/Amon/rsdt/gn/v20190222/rsdt_Amon_MRI-ESM2-0_ssp119_r1i1p1f1_gn_201501-210012.nc
MRI-ESM2-0,ScenarioMIP,ssp119,r1i1p1f1,rsut,gn,1/1,rsut_Amon_MRI-ESM2-0_ssp119_r1i1p1f1_gn_201501-210012.nc,144795458,http://aims3.llnl.gov/thredds/fileServer/css03_data/CMIP6/ScenarioMIP/MRI/MRI-ESM2-0/ssp119/r1i1p1f1/Amon/rsut/gn/v20190222/rsut_Amon_MRI-ESM2-0_ssp119_r1i1p1f1_gn_201501-210012.nc|http://esgf-data03.diasjp.net/thredds/fileServer/esg_dataroot/CMIP6/ScenarioMIP/MRI/MRI-ESM2-0/ssp119/r1i1p1f1/Amon/rsut/gn/v20190222/rsut_Amon_MRI-ESM2-0_ssp119_r1i1p1f1_gn_201501-210012.nc|http://esgf3.dkrz.de/thredds/fileServer/cmip6/ScenarioMIP/MRI/MRI-ESM2-0/ssp119/r1i1p1f1/Amon/rsut/gn/v20190222/rsut_Amon_MRI-ESM2-0_ssp119_r1i1p1f1_gn_201501-210012.nc|https://esgf.ceda.ac.uk/thredds/fileServer/esg_cmip6/CMIP6/ScenarioMIP/MRI/MRI-ESM2-0/ssp119/r1i1p1f1/Amon/rsut/gn/v20190222/rsut_Amon_MRI-ESM2-0_ssp119_r1i1p1f1_gn_201501-210012.nc|http://esgf.nci.org.au/thredds/fileServer/replica/CMIP6/ScenarioMIP/MRI/MRI-ESM2-0/ssp119/r1i1p1f1/Amon/rsut/gn/v20190222/rsut_Amon_MRI-ESM2-0_ssp119_r1i1p1f1_gn_201501-210012.nc,http://aims3.llnl.gov/thredds/dodsC/css03_data/CMIP6/ScenarioMIP/MRI/MRI-ESM2-0/ssp119/r1i1p1f1/Amon/rsut/gn/v20190222/rsut_Amon_MRI-ESM2-0_ssp119_r1i1p1f1_gn_201501-210012.nc|http://esgf-data03.diasjp.net/thredds/dodsC/esg_dataroot/CMIP6/ScenarioMIP/MRI/MRI-ESM2-0/ssp119/r1i1p1f1/Amon/rsut/gn/v20190222/rsut_Amon_MRI-ESM2-0_ssp119_r1i1p1f1_gn_201501-210012.nc|http://esgf3.dkrz.de/thredds/dodsC/cmip6/ScenarioMIP/MRI/MRI-ESM2-0/ssp119/r1i1p1f1/Amon/rsut/gn/v20190222/rsut_Amon_MRI-ESM2-0_ssp119_r1i1p1f1_gn_201501-210012.nc|https://esgf.ceda.ac.uk/thredds/dodsC/esg_cmip6/CMIP6/ScenarioMIP/MRI/MRI-ESM2-0/ssp119/r1i1p1f1/Amon/rsut/gn/v20190222/rsut_Amon_MRI-ESM2-0_ssp119_r1i1p1f1_gn_201501-210012.nc|http://esgf.nci.org.au/thredds/dodsC/replica/CMIP6/ScenarioMIP/MRI/MRI-ESM2-0/ssp119/r1i1p1f1/Amon/rsut/gn/v20190222/rsut_Amon_MRI-ESM2-0_ssp119_r1i1p1f1_gn_201501-210012.nc
MRI-ESM2-0,ScenarioMIP,ssp119,r1i1p1f1,tas,gn,1/1,tas_Amon_MRI-ESM2-0_ssp119_r1i1p1f1_gn_201501-210012.nc,117225471,http://aims3.llnl.gov/thredds/fileServer/css03_data/CMIP6/ScenarioMIP/MRI/MRI-ESM2-0/ssp119/r1i1p1f1/Amon/tas/gn/v20190222/tas_Amon_MRI-ESM2-0_ssp119_r1i1p1f1_gn_201501-210012.nc|http://esgf-data03.diasjp.net/thredds/fileServer/esg_dataroot/CMIP6/ScenarioMIP/MRI/MRI-ESM2-0/ssp119/r1i1p1f1/Amon/tas/gn/v20190222/tas_Amon_MRI-ESM2-0_ssp119_r1i1p1f1_gn_201501-210012.nc|http://esgf3.dkrz.de/thredds/fileServer/cmip6/ScenarioMIP/MRI/MRI-ESM2-0/ssp119/r1i1p1f1/Amon/tas/gn/v20190222/tas_Amon_MRI-ESM2-0_ssp119_r1i1p1f1_gn_201501-210012.nc|https://esgf.ceda.ac.uk/thredds/fileServer/esg_cmip6/CMIP6/ScenarioMIP/MRI/MRI-ESM2-0/ssp119/r1i1p1f1/Amon/tas/gn/v20190222/tas_Amon_MRI-ESM2-0_ssp119_r1i1p1f1_gn_201501-210012.nc|http://esgf.nci.org.au/thredds/fileServer/replica/CMIP6/ScenarioMIP/MRI/MRI-ESM2-0/ssp119/r1i1p1f1/Amon/tas/gn/v20190222/tas_Amon_MRI-ESM2-0_ssp119_r1i1p1f1_gn_201501-210012.nc,http://aims3.llnl.gov/thredds/dodsC/css03_data/CMIP6/ScenarioMIP/MRI/MRI-ESM2-0/ssp119/r1i1p1f1/Amon/tas/gn/v20190222/tas_Amon_MRI-ESM2-0_ssp119_r1i1p1f1_gn_201501-210012.nc|http://esgf-data03.diasjp.net/thredds/dodsC/esg_dataroot/CMIP6/ScenarioMIP/MRI/MRI-ESM2-0/ssp119/r1i1p1f1/Amon/tas/gn/v20190222/tas_Amon_MRI-ESM2-0_ssp119_r1i1p1f1_gn_201501-210012.nc|http://esgf3.dkrz.de/thredds/dodsC/cmip6/ScenarioMIP/MRI/MRI-ESM2-0/ssp119/r1i1p1f1/Amon/tas/gn/v20190222/tas_Amon_MRI-ESM2-0_ssp119_r1i1p1f1_gn_201501-210012.nc|https://esgf.ceda.ac.uk/thredds/dodsC/esg_cmip6/CMIP6/ScenarioMIP/MRI/MRI-ESM2-0/ssp119/r1i1p1f1/Amon/tas/gn/v20190222/tas_Amon_MRI-ESM2-0_ssp119_r1i1p1f1_gn_201501-210012.nc|http://esgf.nci.org.au/thredds/dodsC/replica/CMIP6/ScenarioMIP/MRI/MRI-ESM2-0/ssp119/r1i1p1f1/Amon/tas/gn/v20190222/tas_Amon_MRI-ESM2-0_ssp119_r1i1p1f1_gn_201501-210012.nc
MRI-ESM2-0,ScenarioMIP,ssp370,r1i1p1f1,areacella,gn,1/1,areacella_fx_MRI-ESM2-0_ssp370_r1i1p1f1_gn.nc,51005,https://esgf.ceda.ac.uk/thredds/fileServer/esg_cmip6/CMIP6/ScenarioMIP/MRI/MRI-ESM2-0/ssp370/r1i1p1f1/fx/areacella/gn/v20190603/areacella_fx_MRI-ESM2-0_ssp370_r1i1p1f1_gn.nc|http://esgf3.dkrz.de/thredds/fileServer/cmip6/ScenarioMIP/MRI/MRI-ESM2-0/ssp370/r1i1p1f1/fx/areacella/gn/v20190603/areacella_fx_MRI-ESM2-0_ssp370_r1i1p1f1_gn.nc,https://esgf.ceda.ac.uk/thredds/dodsC/esg_cmip6/CMIP6/ScenarioMIP/MRI/MRI-ESM2-0/ssp370/r1i1p1f1/fx/areacella/gn/v20190603/areacella_fx_MRI-ESM2-0_ssp370_r1i1p1f1_gn.nc|http://esgf3.dkrz.de/thredds/dodsC/cmip6/ScenarioMIP/MRI/MRI-ESM2-0/ssp370/r1i1p1f1/fx/areacella/gn/v20190603/areacella_fx_MRI-ESM2-0_ssp370_r1i1p1f1_gn.nc
MRI-ESM2-0,ScenarioMIP,ssp370,r1i1p1f1,rlut,gn,1/1,rlut_Amon_MRI-ESM2-0_ssp370_r1i1p1f1_gn_201501-210012.nc,134143025,http://aims3.llnl.gov/thredds/fileServer/css03_data/CMIP6/ScenarioMIP/MRI/MRI-ESM2-0/ssp370/r1i1p1f1/Amon/rlut/gn/v20190222/rlut_Amon_MRI-ESM2-0_ssp370_r1i1p1f1_gn_201501-210012.nc|http://esgf-data03.diasjp.net/thredds/fileServer/esg_dataroot/CMIP6/ScenarioMIP/MRI/MRI-ESM2-0/ssp370/r1i1p1f1/Amon/rlut/gn/v20190222/rlut_Amon_MRI-ESM2-0_ssp370_r1i1p1f1_gn_201501-210012.nc|http://esgf3.dkrz.de/thredds/fileServer/cmip6/ScenarioMIP/MRI/MRI-ESM2-0/ssp370/r1i1p1f1/Amon/rlut/gn/v20190222/rlut_Amon_MRI-ESM2-0_ssp370_r1i1p1f1_gn_201501-210012.nc|https://esgf.ceda.ac.uk/thredds/fileServer/esg_cmip6/CMIP6/ScenarioMIP/MRI/MRI-ESM2-0/ssp370/r1i1p1f1/Amon/rlut/gn/v20190222/rlut_Amon_MRI-ESM2-0_ssp370_r1i1p1f1_gn_201501-210012.nc|http://esgf.nci.org.au/thredds/fileServer/replica/CMIP6/ScenarioMIP/MRI/MRI-ESM2-0/ssp370/r1i1p1f1/Amon/rlut/gn/v20190222/rlut_Amon_MRI-ESM2-0_ssp370_r1i1p1f1_gn_201501-210012.nc,http://aims3.llnl.gov/thredds/dodsC/css03_data/CMIP6/ScenarioMIP/MRI/MRI-ESM2-0/ssp370/r1i1p1f1/Amon/rlut/gn/v20190222/rlut_Amon_MRI-ESM2-0_ssp370_r1i1p1f1_gn_201501-210012.nc|http://esgf-data03.diasjp.net/thredds/dodsC/esg_dataroot/CMIP6/ScenarioMIP/MRI/MRI-ESM2-0/ssp370/r1i1p1f1/Amon/rlut/gn/v20190222/rlut_Amon_MRI-ESM2-0_ssp370_r1i1p1f1_gn_201501-210012.nc|http://esgf3.dkrz.de/thredds/dodsC/cmip6/ScenarioMIP/MRI/MRI-ESM2-0/ssp370/r1i1p1f1/Amon/rlut/gn/v20190222/rlut_Amon_MRI-ESM2-0_ssp370_r1i1p1f1_gn_201501-210012.nc|https://esgf.ceda.ac.uk/thredds/dodsC/esg_cmip6/CMIP6/ScenarioMIP/MRI/MRI-ESM2-0/ssp370/r1i1p1f1/Amon/rlut/gn/v20190222/rlut_Amon_MRI-ESM2-0_ssp370_r1i1p1f1_gn_201501-210012.nc|http://esgf.nci.org.au/thredds/dodsC/replica/CMIP6/ScenarioMIP/MRI/MRI-ESM2-0/ssp370/r1i1p1f1/Amon/rlut/gn/v20190222/rlut_Amon_MRI-ESM2-0_ssp370_r1i1p1f1_gn_201501-210012.nc
MRI-ESM2-0,ScenarioMIP,ssp370,r1i1p1f1,rsdt,gn,1/1,rsdt_Amon_MRI-ESM2-0_ssp370_r1i1p1f1_gn_201501-210012.nc,24911912,https://esgf.ceda.ac.uk/thredds/fileServer/esg_cmip6/CMIP6/ScenarioMIP/MRI/MRI-ESM2-0/ssp370/r1i1p1f1/Amon/rsdt/gn/v20190222/rsdt_Amon_MRI-ESM2-0_ssp370_r1i1p1f1_gn_201501-210012.nc|http://esgf3.dkrz.de/thredds/fileServer/cmip6/ScenarioMIP/MRI/MRI-ESM2-0/ssp370/r1i1p1f1/Amon/rsdt/gn/v20190222/rsdt_Amon_MRI-ESM2-0_ssp370_r1i1p1f1_gn_201501-210012.nc,https://esgf.ceda.ac.uk/thredds/dodsC/esg_cmip6/CMIP6/ScenarioMIP/MRI/MRI-ESM2-0/ssp370/r1i1p1f1/Amon/rsdt/gn/v20190222/rsdt_Amon_MRI-ESM2-0_ssp370_r1i1p1f1_gn_201501-210012.nc|http://esgf3.dkrz.de/thredds/dodsC/cmip6/ScenarioMIP/MRI/MRI-ESM2-0/ssp370/r1i1p1f1/Amon/rsdt/gn/v20190222/rsdt_Amon_MRI-ESM2-0_ssp370_r1i1p1f1_gn_201501-210012.nc
MRI-ESM2-0,ScenarioMIP,ssp370,r1i1p1f1,rsut,gn,1/1,rsut_Amon_MRI-ESM2-0_ssp370_r1i1p1f1_gn_201501-210012.nc,144847258,https://esgf.ceda.ac.uk/thredds/fileServer/esg_cmip6/CMIP6/ScenarioMIP/MRI/MRI-ESM2-0/ssp370/r1i1p1f1/Amon/rsut/gn/v20190222/rsut_Amon_MRI-ESM2-0_ssp370_r1i1p1f1_gn_201501-210012.nc|http://esgf3.dkrz.de/thredds/fileServer/cmip6/ScenarioMIP/MRI/MRI-ESM2-0/ssp370/r1i1p1f1/Amon/rsut/gn/v20190222/rsut_Amon_MRI-ESM2-0_ssp370_r1i1p1f1_gn_201501-210012.nc,https://esgf.ceda.ac.uk/thredds/dodsC/esg_cmip6/CMIP6/ScenarioMIP/MRI/MRI-ESM2-0/ssp370/r1i1p1f1/Amon/rsut/gn/v20190222/rsut_Amon_MRI-ESM2-0_ssp370_r1i1p1f1_gn_201501-210012.nc|http://esgf3.dkrz.de/thredds/dodsC/cmip6/ScenarioMIP/MRI/MRI-ESM2-0/ssp370/r1i1p1f1/Amon/rsut/gn/v20190222/rsut_Amon_MRI-ESM2-0_ssp370_r1i1p1f1_gn_201501-210012.nc
MRI-ESM2-0,ScenarioMIP,ssp370,r1i1p1f1,tas,gn,1/1,tas_Amon_MRI-ESM2-0_ssp370_r1i1p1f1_gn_201501-210012.nc,117016778,http://aims3.llnl.gov/thredds/fileServer/css03_data/CMIP6/ScenarioMIP/MRI/MRI-ESM2-0/ssp370/r1i1p1f1/Amon/tas/gn/v20190222/tas_Amon_MRI-ESM2-0_ssp370_r1i1p1f1_gn_201501-210012.nc|http://esgf-data03.diasjp.net/thredds/fileServer/esg_dataroot/CMIP6/ScenarioMIP/MRI/MRI-ESM2-0/ssp370/r1i1p1f1/Amon/tas/gn/v20190222/tas_Amon_MRI-ESM2-0_ssp370_r1i1p1f1_gn_201501-210012.nc|http://esgf3.dkrz.de/thredds/fileServer/cmip6/ScenarioMIP/MRI/MRI-ESM2-0/ssp370/r1i1p1f1/Amon/tas/gn/v20190222/tas_Amon_MRI-ESM2-0_ssp370_r1i1p1f1_gn_201501-210012.nc|https://esgf.ceda.ac.uk/thredds/fileServer/esg_cmip6/CMIP6/ScenarioMIP/MRI/MRI-ESM2-0/ssp370/r1i1p1f1/Amon/tas/gn/v20190222/tas_Amon_MRI-ESM2-0_ssp370_r1i1p1f1_gn_201501-210012.nc|http://esgf.nci.org.au/thredds/fileServer/replica/CMIP6/ScenarioMIP/MRI/MRI-ESM2-0/ssp370/r1i1p1f1/Amon/tas/gn/v20190222/tas_Amon_MRI-ESM2-0_ssp370_r1i1p1f1_gn_201501-210012.nc,http://aims3.llnl.gov/thredds/dodsC/css03_data/CMIP6/ScenarioMIP/MRI/MRI-ESM2-0/ssp370/r1i1p1f1/Amon/tas/gn/v20190222/tas_Amon_MRI-ESM2-0_ssp370_r1i1p1f1_gn_201501-210012.nc|http://esgf-data03.diasjp.net/thredds/dodsC/esg_dataroot/CMIP6/ScenarioMIP/MRI/MRI-ESM2-0/ssp370/r1i1p1f1/Amon/tas/gn/v20190222/tas_Amon_MRI-ESM2-0_ssp370_r1i1p1f1_gn_201501-210012.nc|http://esgf3.dkrz.de/thredds/dodsC/cmip6/ScenarioMIP/MRI/MRI-ESM2-0/ssp370/r1i1p1f1/Amon/tas/gn/v20190222/tas_Amon_MRI-ESM2-0_ssp370_r1i1p1f1_gn_201501-210012.nc|https://esgf.ceda.ac.uk/thredds/dodsC/esg_cmip6/CMIP6/ScenarioMIP/MRI/MRI-ESM2-0/ssp370/r1i1p1f1/Amon/tas/gn/v20190222/tas_Amon_MRI-ESM2-0_ssp370_r1i1p1f1_gn_201501-210012.nc|http://esgf.nci.org.au/thredds/dodsC/replica/CMIP6/ScenarioMIP/MRI/MRI-ESM2-0/ssp370/r1i1p1f1/Amon/tas/gn/v20190222/tas_Amon_MRI-ESM2-0_ssp370_r1i1p1f1_gn_201501-210012.nc
MRI-ESM2-0,ScenarioMIP,ssp460,r1i1p1f1,areacella,gn,1/1,areacella_fx_MRI-ESM2-0_ssp460_r1i1p1f1_gn.nc,51005,http://aims3.llnl.gov/thredds/fileServer/css03_data/CMIP6/ScenarioMIP/MRI/MRI-ESM2-0/ssp460/r1i1p1f1/fx/areacella/gn/v20190603/areacella_fx_MRI-ESM2-0_ssp460_r1i1p1f1_gn.nc|http://esgf-data03.diasjp.net/thredds/fileServer/esg_dataroot/CMIP6/ScenarioMIP/MRI/MRI-ESM2-0/ssp460/r1i1p1f1/fx/areacella/gn/v20190603/areacella_fx_MRI-ESM2-0_ssp460_r1i1p1f1_gn.nc|http://esgf3.dkrz.de/thredds/fileServer/cmip6/ScenarioMIP/MRI/MRI-ESM2-0/ssp460/r1i1p1f1/fx/areacella/gn/v20190603/areacella_fx_MRI-ESM2-0_ssp460_r1i1p1f1_gn.nc|https://esgf.ceda.ac.uk/thredds/fileServer/esg_cmip6/CMIP6/ScenarioMIP/MRI/MRI-ESM2-0/ssp460/r1i1p1f1/fx/areacella/gn/v20190603/areacella_fx_MRI-ESM2-0_ssp460_r1i1p1f1_gn.nc|http://esgf.nci.org.au/thredds/fileServer/replica/CMIP6/ScenarioMIP/MRI/MRI-ESM2-0/ssp460/r1i1p1f1/fx/areacella/gn/v20190603/areacella_fx_MRI-ESM2-0_ssp460_r1i1p1f1_gn.nc,http://aims3.llnl.gov/thredds/dodsC/css03_data/CMIP6/ScenarioMIP/MRI/MRI-ESM2-0/ssp460/r1i1p1f1/fx/areacella/gn/v20190603/areacella_fx_MRI-ESM2-0_ssp460_r1i1p1f1_gn.nc|http://esgf-data03.diasjp.net/thredds/dodsC/esg_dataroot/CMIP6/ScenarioMIP/MRI/MRI-ESM2-0/ssp460/r1i1p1f1/fx/areacella/gn/v20190603/areacella_fx_MRI-ESM2-0_ssp460_r1i1p1f1_gn.nc|http://esgf3.dkrz.de/thredds/dodsC/cmip6/ScenarioMIP/MRI/MRI-ESM2-0/ssp460/r1i1p1f1/fx/areacella/gn/v20190603/areacella_fx_MRI-ESM2-0_ssp460_r1i1p1f1_gn.nc|https://esgf.ceda.ac.uk/thredds/dodsC/esg_cmip6/CMIP6/ScenarioMIP/MRI/MRI-ESM2-0/ssp460/r1i1p1f1/fx/areacella/gn/v20190603/areacella_fx_MRI-ESM2-0_ssp460_r1i1p1f1_gn.nc|http://esgf.nci.org.au/thredds/dodsC/replica/CMIP6/ScenarioMIP/MRI/MRI-ESM2-0/ssp460/r1i1p1f1/fx/areacella/gn/v20190603/areacella_fx_MRI-ESM2-0_ssp460_r1i1p1f1_gn.nc
MRI-ESM2-0,ScenarioMIP,ssp460,r1i1p1f1,rlut,gn,1/1,rlut_Amon_MRI-ESM2-0_ssp460_r1i1p1f1_gn_201501-210012.nc,134141432,http://aims3.llnl.gov/thredds/fileServer/css03_data/CMIP6/ScenarioMIP/MRI/MRI-ESM2-0/ssp460/r1i1p1f1/Amon/rlut/gn/v20190222/rlut_Amon_MRI-ESM2-0_ssp460_r1i1p1f1_gn_201501-210012.nc|http://esgf-data03.diasjp.net/thredds/fileServer/esg_dataroot/CMIP6/ScenarioMIP/MRI/MRI-ESM2-0/ssp460/r1i1p1f1/Amon/rlut/gn/v20190222/rlut_Amon_MRI-ESM2-0_ssp460_r1i1p1f1_gn_201501-210012.nc|http://esgf3.dkrz.de/thredds/fileServer/cmip6/ScenarioMIP/MRI/MRI-ESM2-0/ssp460/r1i1p1f1/Amon/rlut/gn/v20190222/rlut_Amon_MRI-ESM2-0_ssp460_r1i1p1f1_gn_201501-210012.nc|https://esgf.ceda.ac.uk/thredds/fileServer/esg_cmip6/CMIP6/ScenarioMIP/MRI/MRI-ESM2-0/ssp460/r1i1p1f1/Amon/rlut/gn/v20190222/rlut_Amon_MRI-ESM2-0_ssp460_r1i1p1f1_gn_201501-210012.nc|http://esgf.nci.org.au/thredds/fileServer/replica/CMIP6/ScenarioMIP/MRI/MRI-ESM2-0/ssp460/r1i1p1f1/Amon/rlut/gn/v20190222/rlut_Amon_MRI-ESM2-0_ssp460_r1i1p1f1_gn_201501-210012.nc,http://aims3.llnl.gov/thredds/dodsC/css03_data/CMIP6/ScenarioMIP/MRI/MRI-ESM2-0/ssp460/r1i1p1f1/Amon/rlut/gn/v20190222/rlut_Amon_MRI-ESM2-0_ssp460_r1i1p1f1_gn_201501-210012.nc|http://esgf-data03.diasjp.net/thredds/dodsC/esg_dataroot/CMIP6/ScenarioMIP/MRI/MRI-ESM2-0/ssp460/r1i1p1f1/Amon/rlut/gn/v20190222/rlut_Amon_MRI-ESM2-0_ssp460_r1i1p1f1_gn_201501-210012.nc|http://esgf3.dkrz.de/thredds/dodsC/cmip6/ScenarioMIP/MRI/MRI-ESM2-0/ssp460/r1i1p1f1/Amon/rlut/gn/v20190222/rlut_Amon_MRI-ESM2-0_ssp460_r1i1p1f1_gn_201501-210012.nc|https://esgf.ceda.ac.uk/thredds/dodsC/esg_cmip6/CMIP6/ScenarioMIP/MRI/MRI-ESM2-0/ssp460/r1i1p1f1/Amon/rlut/gn/v20190222/rlut_Amon_MRI-ESM2-0_ssp460_r1i1p1f1_gn_201501-210012.nc|http://esgf.nci.org.au/thredds/dodsC/replica/CMIP6/ScenarioMIP/MRI/MRI-ESM2-0/ssp460/r1i1p1f1/Amon/rlut/gn/v20190222/rlut_Amon_MRI-ESM2-0_ssp460_r1i1p1f1_gn_201501-210012.nc
MRI-ESM2-0,ScenarioMIP,ssp460,r1i1p1f1,rsdt,gn,1/1,rsdt_Amon_MRI-ESM2-0_ssp460_r1i1p1f1_gn_201501-210012.nc,24911912,http://aims3.llnl.gov/thredds/fileServer/css03_data/CMIP6/ScenarioMIP/MRI/MRI-ESM2-0/ssp460/r1i1p1f1/Amon/rsdt/gn/v20190222/rsdt_Amon_MRI-ESM2-0_ssp460_r1i1p1f1_gn_201501-210012.nc|http://esgf-data03.diasjp.net/thredds/fileServer/esg_dataroot/CMIP6/ScenarioMIP/MRI/MRI-ESM2-0/ssp460/r1i1p1f1/Amon/rsdt/gn/v20190222/rsdt_Amon_MRI-ESM2-0_ssp460_r1i1p1f1_gn_201501-210012.nc|http://esgf3.dkrz.de/thredds/fileServer/cmip6/ScenarioMIP/MRI/MRI-ESM2-0/ssp460/r1i1p1f1/Amon/rsdt/gn/v20190222/rsdt_Amon_MRI-ESM2-0_ssp460_r1i1p1f1_gn_201501-210012.nc|https://esgf.ceda.ac.uk/thredds/fileServer/esg_cmip6/CMIP6/ScenarioMIP/MRI/MRI-ESM2-0/ssp460/r1i1p1f1/Amon/rsdt/gn/v20190222/rsdt_Amon_MRI-ESM2-0_ssp460_r1i1p1f1_gn_201501-210012.nc|http://esgf.nci.org.au/thredds/fileServer/replica/CMIP6/ScenarioMIP/MRI/MRI-ESM2-0/ssp460/r1i1p1f1/Amon/rsdt/gn/v20190222/rsdt_Amon_MRI-ESM2-0_ssp460_r1i1p1f1_gn_201501-210012.nc,http://aims3.llnl.gov/thredds/dodsC/css03_data/CMIP6/ScenarioMIP/MRI/MRI-ESM2-0/ssp460/r1i1p1f1/Amon/rsdt/gn/v20190222/rsdt_Amon_MRI-ESM2-0_ssp460_r1i1p1f1_gn_201501-210012.nc|http://esgf-data03.diasjp.net/thredds/dodsC/esg_dataroot/CMIP6/ScenarioMIP/MRI/MRI-ESM2-0/ssp460/r1i1p1f1/Amon/rsdt/gn/v20190222/rsdt_Amon_MRI-ESM2-0_ssp460_r1i1p1f1_gn_201501-210012.nc|http://esgf3.dkrz.de/thredds/dodsC/cmip6/ScenarioMIP/MRI/MRI-ESM2-0/ssp460/r1i1p1f1/Amon/rsdt/gn/v20190222/rsdt_Amon_MRI-ESM2-0_ssp460_r1i1p1f1_gn_201501-210012.nc|https://esgf.ceda.ac.uk/thredds/dodsC/esg_cmip6/CMIP6/ScenarioMIP/MRI/MRI-ESM2-0/ssp460/r1i1p1f1/Amon/rsdt/gn/v20190222/rsdt_Amon_MRI-ESM2-0_ssp460_r1i1p1f1_gn_201501-210012.nc|http://esgf.nci.org.au/thredds/dodsC/replica/CMIP6/ScenarioMIP/MRI/MRI-ESM2-0/ssp460/r1i1p1f1/Amon/rsdt/gn/v20190222/rsdt_Amon_MRI-ESM2-0_ssp460_r1i1p1f1_gn_201501-210012.nc
MRI-ESM2-0,ScenarioMIP,ssp460,r1i1p1f1,rsut,gn,1/1,rsut_Amon_MRI-ESM2-0_ssp460_r1i1p1f1_gn_201501-210012.nc,144825692,http://aims3.llnl.gov/thredds/fileServer/css03_data/CMIP6/ScenarioMIP/MRI/MRI-ESM2-0/ssp460/r1i1p1f1/Amon/rsut/gn/v20190222/rsut_Amon_MRI-ESM2-0_ssp460_r1i1p1f1_gn_201501-210012.nc|http://esgf-data03.diasjp.net/thredds/fileServer/esg_dataroot/CMIP6/ScenarioMIP/MRI/MRI-ESM2-0/ssp460/r1i1p1f1/Amon/rsut/gn/v20190222/rsut_Amon_MRI-ESM2-0_ssp460_r1i1p1f1_gn_201501-210012.nc|http://esgf3.dkrz.de/thredds/fileServer/cmip6/ScenarioMIP/MRI/MRI-ESM2-0/ssp460/r1i1p1f1/Amon/rsut/gn/v20190222/rsut_Amon_MRI-ESM2-0_ssp460_r1i1p1f1_gn_201501-210012.nc|https://esgf.ceda.ac.uk/thredds/fileServer/esg_cmip6/CMIP6/ScenarioMIP/MRI/MRI-ESM2-0/ssp460/r1i1p1f1/Amon/rsut/gn/v20190222/rsut_Amon_MRI-ESM2-0_ssp460_r1i1p1f1_gn_201501-210012.nc|http://esgf.nci.org.au/thredds/fileServer/replica/CMIP6/ScenarioMIP/MRI/MRI-ESM2-0/ssp460/r1i1p1f1/Amon/rsut/gn/v20190222/rsut_Amon_MRI-ESM2-0_ssp460_r1i1p1f1_gn_201501-210012.nc,http://aims3.llnl.gov/thredds/dodsC/css03_data/CMIP6/ScenarioMIP/MRI/MRI-ESM2-0/ssp460/r1i1p1f1/Amon/rsut/gn/v20190222/rsut_Amon_MRI-ESM2-0_ssp460_r1i1p1f1_gn_201501-210012.nc|http://esgf-data03.diasjp.net/thredds/dodsC/esg_dataroot/CMIP6/ScenarioMIP/MRI/MRI-ESM2-0/ssp460/r1i1p1f1/Amon/rsut/gn/v20190222/rsut_Amon_MRI-ESM2-0_ssp460_r1i1p1f1_gn_201501-210012.nc|http://esgf3.dkrz.de/thredds/dodsC/cmip6/ScenarioMIP/MRI/MRI-ESM2-0/ssp460/r1i1p1f1/Amon/rsut/gn/v20190222/rsut_Amon_MRI-ESM2-0_ssp460_r1i1p1f1_gn_201501-210012.nc|https://esgf.ceda.ac.uk/thredds/dodsC/esg_cmip6/CMIP6/ScenarioMIP/MRI/MRI-ESM2-0/ssp460/r1i1p1f1/Amon/rsut/gn/v20190222/rsut_Amon_MRI-ESM2-0_ssp460_r1i1p1f1_gn_201501-210012.nc|http://esgf.nci.org.au/thredds/dodsC/replica/CMIP6/ScenarioMIP/MRI/MRI-ESM2-0/ssp460/r1i1p1f1/Amon/rsut/gn/v20190222/rsut_Amon_MRI-ESM2-0_ssp460_r1i1p1f1_gn_201501-210012.nc
MRI-ESM2-0,ScenarioMIP,ssp460,r1i1p1f1,tas,gn,1/1,tas_Amon_MRI-ESM2-0_ssp460_r1i1p1f1_gn_201501-210012.nc,117041501,http://aims3.llnl.gov/thredds/fileServer/css03_data/CMIP6/ScenarioMIP/MRI/MRI-ESM2-0/ssp460/r1i1p1f1/Amon/tas/gn/v20190222/tas_Amon_MRI-ESM2-0_ssp460_r1i1p1f1_gn_201501-210012.nc|http://esgf-data03.diasjp.net/thredds/fileServer/esg_dataroot/CMIP6/ScenarioMIP/MRI/MRI-ESM2-0/ssp460/r1i1p1f1/Amon/tas/gn/v20190222/tas_Amon_MRI-ESM2-0_ssp460_r1i1p1f1_gn_201501-210012.nc|http://esgf3.dkrz.de/thredds/fileServer/cmip6/ScenarioMIP/MRI/MRI-ESM2-0/ssp460/r1i1p1f1/Amon/tas/gn/v20190222/tas_Amon_MRI-ESM2-0_ssp460_r1i1p1f1_gn_201501-210012.nc|https://esgf.ceda.ac.uk/thredds/fileServer/esg_cmip6/CMIP6/ScenarioMIP/MRI/MRI-ESM2-0/ssp460/r1i1p1f1/Amon/tas/gn/v20190222/tas_Amon_MRI-ESM2-0_ssp460_r1i1p1f1_gn_201501-210012.nc|http://esgf.nci.org.au/thredds/fileServer/replica/CMIP6/ScenarioMIP/MRI/MRI-ESM2-0/ssp460/r1i1p1f1/Amon/tas/gn/v20190222/tas_Amon_MRI-ESM2-0_ssp460_r1i1p1f1_gn_201501-210012.nc,http://aims3.llnl.gov/thredds/dodsC/css03_data/CMIP6/ScenarioMIP/MRI/MRI-ESM2-0/ssp460/r1i1p1f1/Amon/tas/gn/v20190222/tas_Amon_MRI-ESM2-0_ssp460_r1i1p1f1_gn_201501-210012.nc|http://esgf-data03.diasjp.net/thredds/dodsC/esg_dataroot/CMIP6/ScenarioMIP/MRI/MRI-ESM2-0/ssp460/r1i1p1f1/Amon/tas/gn/v20190222/tas_Amon_MRI-ESM2-0_ssp460_r1i1p1f1_gn_201501-210012.nc|http://esgf3.dkrz.de/thredds/dodsC/cmip6/ScenarioMIP/MRI/MRI-ESM2-0/ssp460/r1i1p1f1/Amon/tas/gn/v20190222/tas_Amon_MRI-ESM2-0_ssp460_r1i1p1f1_gn_201501-210012.nc|https://esgf.ceda.ac.uk/thredds/dodsC/esg_cmip6/CMIP6/ScenarioMIP/MRI/MRI-ESM2-0/ssp460/r1i1p1f1/Amon/tas/gn/v20190222/tas_Amon_MRI-ESM2-0_ssp460_r1i1p1f1_gn_201501-210012.nc|http://esgf.nci.org.au/thredds/dodsC/replica/CMIP6/ScenarioMIP/MRI/MRI-ESM2-0/ssp460/r1i1p1f1/Amon/tas/gn/v20190222/tas_Amon_MRI-ESM2-0_ssp460_r1i1p1f1_gn_201501-210012.nc
MRI-ESM2-0,ScenarioMIP,ssp585,r1i1p1f1,areacella,gn,1/1,areacella_fx_MRI-ESM2-0_ssp585_r1i1p1f1_gn.nc,51005,http://aims3.llnl.gov/thredds/fileServer/css03_data/CMIP6/ScenarioMIP/MRI/MRI-ESM2-0/ssp585/r1i1p1f1/fx/areacella/gn/v20190603/areacella_fx_MRI-ESM2-0_ssp585_r1i1p1f1_gn.nc|http://esgf-data03.diasjp.net/thredds/fileServer/esg_dataroot/CMIP6/ScenarioMIP/MRI/MRI-ESM2-0/ssp585/r1i1p1f1/fx/areacella/gn/v20190603/areacella_fx_MRI-ESM2-0_ssp585_r1i1p1f1_gn.nc|http://esgf3.dkrz.de/thredds/fileServer/cmip6/ScenarioMIP/MRI/MRI-ESM2-0/ssp585/r1i1p1f1/fx/areacella/gn/v20190603/areacella_fx_MRI-ESM2-0_ssp585_r1i1p1f1_gn.nc|https://esgf.ceda.ac.uk/thredds/fileServer/esg_cmip6/CMIP6/ScenarioMIP/MRI/MRI-ESM2-0/ssp585/r1i1p1f1/fx/areacella/gn/v20190603/areacella_fx_MRI-ESM2-0_ssp585_r1i1p1f1_gn.nc|http://esgf.nci.org.au/thredds/fileServer/replica/CMIP6/ScenarioMIP/MRI/MRI-ESM2-0/ssp585/r1i1p1f1/fx/areacella/gn/v20190603/areacella_fx_MRI-ESM2-0_ssp585_r1i1p1f1_gn.nc,http://aims3.llnl.gov/thredds/dodsC/css03_data/CMIP6/ScenarioMIP/MRI/MRI-ESM2-0/ssp585/r1i1p1f1/fx/areacella/gn/v20190603/areacella_fx_MRI-ESM2-0_ssp585_r1i1p1f1_gn.nc|http://esgf-data03.diasjp.net/thredds/dodsC/esg_dataroot/CMIP6/ScenarioMIP/MRI/MRI-ESM2-0/ssp585/r1i1p1f1/fx/areacella/gn/v20190603/areacella_fx_MRI-ESM2-0_ssp585_r1i1p1f1_gn.nc|http://esgf3.dkrz.de/thredds/dodsC/cmip6/ScenarioMIP/MRI/MRI-ESM2-0/ssp585/r1i1p1f1/fx/areacella/gn/v20190603/areacella_fx_MRI-ESM2-0_ssp585_r1i1p1f1_gn.nc|https://esgf.ceda.ac.uk/thredds/dodsC/esg_cmip6/CMIP6/ScenarioMIP/MRI/MRI-ESM2-0/ssp585/r1i1p1f1/fx/areacella/gn/v20190603/areacella_fx_MRI-ESM2-0_ssp585_r1i1p1f1_gn.nc|http://esgf.nci.org.au/thredds/dodsC/replica/CMIP6/ScenarioMIP/MRI/MRI-ESM2-0/ssp585/r1i1p1f1/fx/areacella/gn/v20190603/areacella_fx_MRI-ESM2-0_ssp585_r1i1p1f1_gn.nc
MRI-ESM2-0,ScenarioMIP,ssp585,r1i1p1f1,rlut,gn,1/2,rlut_Amon_MRI-ESM2-0_ssp585_r1i1p1f1_gn_201501-210012.nc,134003437,http://esgf-data1.llnl.gov/thredds/fileServer/css03_data/CMIP6/ScenarioMIP/MRI/MRI-ESM2-0/ssp585/r1i1p1f1/Amon/rlut/gn/v20191108/rlut_Amon_MRI-ESM2-0_ssp585_r1i1p1f1_gn_201501-210012.nc|http://esgf-data03.diasjp.net/thredds/fileServer/esg_dataroot/CMIP6/ScenarioMIP/MRI/MRI-ESM2-0/ssp585/r1i1p1f1/Amon/rlut/gn/v20191108/rlut_Amon_MRI-ESM2-0_ssp585_r1i1p1f1_gn_201501-210012.nc|http://esgf3.dkrz.de/thredds/fileServer/cmip6/ScenarioMIP/MRI/MRI-ESM2-0/ssp585/r1i1p1f1/Amon/rlut/gn/v20191108/rlut_Amon_MRI-ESM2-0_ssp585_r1i1p1f1_gn_201501-210012.nc|https://esgf.ceda.ac.uk/thredds/fileServer/esg_cmip6/CMIP6/ScenarioMIP/MRI/MRI-ESM2-0/ssp585/r1i1p1f1/Amon/rlut/gn/v20191108/rlut_Amon_MRI-ESM2-0_ssp585_r1i1p1f1_gn_201501-210012.nc|http://esgf.nci.org.au/thredds/fileServer/replica/CMIP6/ScenarioMIP/MRI/MRI-ESM2-0/ssp585/r1i1p1f1/Amon/rlut/gn/v20191108/rlut_Amon_MRI-ESM2-0_ssp585_r1i1p1f1_gn_201501-210012.nc,http://esgf-data1.llnl.gov/thredds/dodsC/css03_data/CMIP6/ScenarioMIP/MRI/MRI-ESM2-0/ssp585/r1i1p1f1/Amon/rlut/gn/v20191108/rlut_Amon_MRI-ESM2-0_ssp585_r1i1p1f1_gn_201501-210012.nc|http://esgf-data03.diasjp.net/thredds/dodsC/esg_dataroot/CMIP6/ScenarioMIP/MRI/MRI-ESM2-0/ssp585/r1i1p1f1/Amon/rlut/gn/v20191108/rlut_Amon_MRI-ESM2-0_ssp585_r1i1p1f1_gn_201501-210012.nc|http://esgf3.dkrz.de/thredds/dodsC/cmip6/ScenarioMIP/MRI/MRI-ESM2-0/ssp585/r1i1p1f1/Amon/rlut/gn/v20191108/rlut_Amon_MRI-ESM2-0_ssp585_r1i1p1f1_gn_201501-210012.nc|https://esgf.ceda.ac.uk/thredds/dodsC/esg_cmip6/CMIP6/ScenarioMIP/MRI/MRI-ESM2-0/ssp585/r1i1p1f1/Amon/rlut/gn/v20191108/rlut_Amon_MRI-ESM2-0_ssp585_r1i1p1f1_gn_201501-210012.nc|http://esgf.nci.org.au/thredds/dodsC/replica/CMIP6/ScenarioMIP/MRI/MRI-ESM2-0/ssp585/r1i1p1f1/Amon/rlut/gn/v20191108/rlut_Amon_MRI-ESM2-0_ssp585_r1i1p1f1_gn_201501-210012.nc
MRI-ESM2-0,ScenarioMIP,ssp585,r1i1p1f1,rlut,gn,2/2,rlut_Amon_MRI-ESM2-0_ssp585_r1i1p1f1_gn_210101-230012.nc,309482117,http://esgf-data1.llnl.gov/thredds/fileServer/css03_data/CMIP6/ScenarioMIP/MRI/MRI-ESM2-0/ssp585/r1i1p1f1/Amon/rlut/gn/v20191108/rlut_Amon_MRI-ESM2-0_ssp585_r1i1p1f1_gn_210101-230012.nc|http://esgf-data03.diasjp.net/thredds/fileServer/esg_dataroot/CMIP6/ScenarioMIP/MRI/MRI-ESM2-0/ssp585/r1i1p1f1/Amon/rlut/gn/v20191108/rlut_Amon_MRI-ESM2-0_ssp585_r1i1p1f1_gn_210101-230012.nc|http://esgf3.dkrz.de/thredds/fileServer/cmip6/ScenarioMIP/MRI/MRI-ESM2-0/ssp585/r1i1p1f1/Amon/rlut/gn/v20191108/rlut_Amon_MRI-ESM2-0_ssp585_r1i1p1f1_gn_210101-230012.nc|https://esgf.ceda.ac.uk/thredds/fileServer/esg_cmip6/CMIP6/ScenarioMIP/MRI/MRI-ESM2-0/ssp585/r1i1p1f1/Amon/rlut/gn/v20191108/rlut_Amon_MRI-ESM2-0_ssp585_r1i1p1f1_gn_210101-230012.nc|http://esgf.nci.org.au/thredds/fileServer/replica/CMIP6/ScenarioMIP/MRI/MRI-ESM2-0/ssp585/r1i1p1f1/Amon/rlut/gn/v20191108/rlut_Amon_MRI-ESM2-0_ssp585_r1i1p1f1_gn_210101-230012.nc,http://esgf-data1.llnl.gov/thredds/dodsC/css03_data/CMIP6/ScenarioMIP/MRI/MRI-ESM2-0/ssp585/r1i1p1f1/Amon/rlut/gn/v20191108/rlut_Amon_MRI-ESM2-0_ssp585_r1i1p1f1_gn_210101-230012.nc|http://esgf-data03.diasjp.net/thredds/dodsC/esg_dataroot/CMIP6/ScenarioMIP/MRI/MRI-ESM2-0/ssp585/r1i1p1f1/Amon/rlut/gn/v20191108/rlut_Amon_MRI-ESM2-0_ssp585_r1i1p1f1_gn_210101-230012.nc|http://esgf3.dkrz.de/thredds/dodsC/cmip6/ScenarioMIP/MRI/MRI-ESM2-0/ssp585/r1i1p1f1/Amon/rlut/gn/v20191108/rlut_Amon_MRI-ESM2-0_ssp585_r1i1p1f1_gn_210101-230012.nc|https://esgf.ceda.ac.uk/thredds/dodsC/esg_cmip6/CMIP6/ScenarioMIP/MRI/MRI-ESM2-0/ssp585/r1i1p1f1/Amon/rlut/gn/v20191108/rlut_Amon_MRI-ESM2-0_ssp585_r1i1p1f1_gn_210101-230012.nc|http://esgf.nci.org.au/thredds/dodsC/replica/CMIP6/ScenarioMIP/MRI/MRI-ESM2-0/ssp585/r1i1p1f1/Amon/rlut/gn/v20191108/rlut_Amon_MRI-ESM2-0_ssp585_r1i1p1f1_gn_210101-230012.nc
MRI-ESM2-0,ScenarioMIP,ssp585,r1i1p1f1,rsdt,gn,1/2,rsdt_Amon_MRI-ESM2-0_ssp585_r1i1p1f1_gn_201501-210012.nc,24911912,http://esgf-data03.diasjp.net/thredds/fileServer/esg_dataroot/CMIP6/ScenarioMIP/MRI/MRI-ESM2-0/ssp585/r1i1p1f1/Amon/rsdt/gn/v20191108/rsdt_Amon_MRI-ESM2-0_ssp585_r1i1p1f1_gn_201501-210012.nc|http://esgf3.dkrz.de/thredds/fileServer/cmip6/ScenarioMIP/MRI/MRI-ESM2-0/ssp585/r1i1p1f1/Amon/rsdt/gn/v20191108/rsdt_Amon_MRI-ESM2-0_ssp585_r1i1p1f1_gn_201501-210012.nc|https://esgf.ceda.ac.uk/thredds/fileServer/esg_cmip6/CMIP6/ScenarioMIP/MRI/MRI-ESM2-0/ssp585/r1i1p1f1/Amon/rsdt/gn/v20191108/rsdt_Amon_MRI-ESM2-0_ssp585_r1i1p1f1_gn_201501-210012.nc|http://esgf.nci.org.au/thredds/fileServer/replica/CMIP6/ScenarioMIP/MRI/MRI-ESM2-0/ssp585/r1i1p1f1/Amon/rsdt/gn/v20191108/rsdt_Amon_MRI-ESM2-0_ssp585_r1i1p1f1_gn_201501-210012.nc,http://esgf-data03.diasjp.net/thredds/dodsC/esg_dataroot/CMIP6/ScenarioMIP/MRI/MRI-ESM2-0/ssp585/r1i1p1f1/Amon/rsdt/gn/v20191108/rsdt_Amon_MRI-ESM2-0_ssp585_r1i1p1f1_gn_201501-210012.nc|http://esgf3.dkrz.de/thredds/dodsC/cmip6/ScenarioMIP/MRI/MRI-ESM2-0/ssp585/r1i1p1f1/Amon/rsdt/gn/v20191108/rsdt_Amon_MRI-ESM2-0_ssp585_r1i1p1f1_gn_201501-210012.nc|https://esgf.ceda.ac.uk/thredds/dodsC/esg_cmip6/CMIP6/ScenarioMIP/MRI/MRI-ESM2-0/ssp585/r1i1p1f1/Amon/rsdt/gn/v20191108/rsdt_Amon_MRI-ESM2-0_ssp585_r1i1p1f1_gn_201501-210012.nc|http://esgf.nci.org.au/thredds/dodsC/replica/CMIP6/ScenarioMIP/MRI/MRI-ESM2-0/ssp585/r1i1p1f1/Amon/rsdt/gn/v20191108/rsdt_Amon_MRI-ESM2-0_ssp585_r1i1p1f1_gn_201501-210012.nc
MRI-ESM2-0,ScenarioMIP,ssp585,r1i1p1f1,rsdt,gn,2/2,rsdt_Amon_MRI-ESM2-0_ssp585_r1i1p1f1_gn_210101-230012.nc,57855749,http://esgf-data03.diasjp.net/thredds/fileServer/esg_dataroot/CMIP6/ScenarioMIP/MRI/MRI-ESM2-0/ssp585/r1i1p1f1/Amon/rsdt/gn/v20191108/rsdt_Amon_MRI-ESM2-0_ssp585_r1i1p1f1_gn_210101-230012.nc|http://esgf3.dkrz.de/thredds/fileServer/cmip6/ScenarioMIP/MRI/MRI-ESM2-0/ssp585/r1i1p1f1/Amon/rsdt/gn/v20191108/rsdt_Amon_MRI-ESM2-0_ssp585_r1i1p1f1_gn_210101-230012.nc|https://esgf.ceda.ac.uk/thredds/fileServer/esg_cmip6/CMIP6/ScenarioMIP/MRI/MRI-ESM2-0/ssp585/r1i1p1f1/Amon/rsdt/gn/v20191108/rsdt_Amon_MRI-ESM2-0_ssp585_r1i1p1f1_gn_210101-230012.nc|http://esgf.nci.org.au/thredds/fileServer/replica/CMIP6/ScenarioMIP/MRI/MRI-ESM2-0/ssp585/r1i1p1f1/Amon/rsdt/gn/v20191108/rsdt_Amon_MRI-ESM2-0_ssp585_r1i1p1f1_gn_210101-230012.nc,http://esgf-data03.diasjp.net/thredds/dodsC/esg_dataroot/CMIP6/ScenarioMIP/MRI/MRI-ESM2-0/ssp585/r1i1p1f1/Amon/rsdt/gn/v20191108/rsdt_Amon_MRI-ESM2-0_ssp585_r1i1p1f1_gn_210101-230012.nc|http://esgf3.dkrz.de/thredds/dodsC/cmip6/ScenarioMIP/MRI/MRI-ESM2-0/ssp585/r1i1p1f1/Amon/rsdt/gn/v20191108/rsdt_Amon_MRI-ESM2-0_ssp585_r1i1p1f1_gn_210101-230012.nc|https://esgf.ceda.ac.uk/thredds/dodsC/esg_cmip6/CMIP6/ScenarioMIP/MRI/MRI-ESM2-0/ssp585/r1i1p1f1/Amon/rsdt/gn/v20191108/rsdt_Amon_MRI-ESM2-0_ssp585_r1i1p1f1_gn_210101-230012.nc|http://esgf.nci.org.au/thredds/dodsC/replica/CMIP6/ScenarioMIP/MRI/MRI-ESM2-0/ssp585/r1i1p1f1/Amon/rsdt/gn/v20191108/rsdt_Amon_MRI-ESM2-0_ssp585_r1i1p1f1_gn_210101-230012.nc
MRI-ESM2-0,ScenarioMIP,ssp585,r1i1p1f1,rsut,gn,1/2,rsut_Amon_MRI-ESM2-0_ssp585_r1i1p1f1_gn_201501-210012.nc,144851892,http://esgf-data03.diasjp.net/thredds/fileServer/esg_dataroot/CMIP6/ScenarioMIP/MRI/MRI-ESM2-0/ssp585/r1i1p1f1/Amon/rsut/gn/v20191108/rsut_Amon_MRI-ESM2-0_ssp585_r1i1p1f1_gn_201501-210012.nc|http://esgf3.dkrz.de/thredds/fileServer/cmip6/ScenarioMIP/MRI/MRI-ESM2-0/ssp585/r1i1p1f1/Amon/rsut/gn/v20191108/rsut_Amon_MRI-ESM2-0_ssp585_r1i1p1f1_gn_201501-210012.nc|https://esgf.ceda.ac.uk/thredds/fileServer/esg_cmip6/CMIP6/ScenarioMIP/MRI/MRI-ESM2-0/ssp585/r1i1p1f1/Amon/rsut/gn/v20191108/rsut_Amon_MRI-ESM2-0_ssp585_r1i1p1f1_gn_201501-210012.nc|http://esgf.nci.org.au/thredds/fileServer/replica/CMIP6/ScenarioMIP/MRI/MRI-ESM2-0/ssp585/r1i1p1f1/Amon/rsut/gn/v20191108/rsut_Amon_MRI-ESM2-0_ssp585_r1i1p1f1_gn_201501-210012.nc,http://esgf-data03.diasjp.net/thredds/dodsC/esg_dataroot/CMIP6/ScenarioMIP/MRI/MRI-ESM2-0/ssp585/r1i1p1f1/Amon/rsut/gn/v20191108/rsut_Amon_MRI-ESM2-0_ssp585_r1i1p1f1_gn_201501-210012.nc|http://esgf3.dkrz.de/thredds/dodsC/cmip6/ScenarioMIP/MRI/MRI-ESM2-0/ssp585/r1i1p1f1/Amon/rsut/gn/v20191108/rsut_Amon_MRI-ESM2-0_ssp585_r1i1p1f1_gn_201501-210012.nc|https://esgf.ceda.ac.uk/thredds/dodsC/esg_cmip6/CMIP6/ScenarioMIP/MRI/MRI-ESM2-0/ssp585/r1i1p1f1/Amon/rsut/gn/v20191108/rsut_Amon_MRI-ESM2-0_ssp585_r1i1p1f1_gn_201501-210012.nc|http://esgf.nci.org.au/thredds/dodsC/replica/CMIP6/ScenarioMIP/MRI/MRI-ESM2-0/ssp585/r1i1p1f1/Amon/rsut/gn/v20191108/rsut_Amon_MRI-ESM2-0_ssp585_r1i1p1f1_gn_201501-210012.nc
MRI-ESM2-0,ScenarioMIP,ssp585,r1i1p1f1,rsut,gn,2/2,rsut_Amon_MRI-ESM2-0_ssp585_r1i1p1f1_gn_210101-230012.nc,336787811,http://esgf-data03.diasjp.net/thredds/fileServer/esg_dataroot/CMIP6/ScenarioMIP/MRI/MRI-ESM2-0/ssp585/r1i1p1f1/Amon/rsut/gn/v20191108/rsut_Amon_MRI-ESM2-0_ssp585_r1i1p1f1_gn_210101-230012.nc|http://esgf3.dkrz.de/thredds/fileServer/cmip6/ScenarioMIP/MRI/MRI-ESM2-0/ssp585/r1i1p1f1/Amon/rsut/gn/v20191108/rsut_Amon_MRI-ESM2-0_ssp585_r1i1p1f1_gn_210101-230012.nc|https://esgf.ceda.ac.uk/thredds/fileServer/esg_cmip6/CMIP6/ScenarioMIP/MRI/MRI-ESM2-0/ssp585/r1i1p1f1/Amon/rsut/gn/v20191108/rsut_Amon_MRI-ESM2-0_ssp585_r1i1p1f1_gn_210101-230012.nc|http://esgf.nci.org.au/thredds/fileServer/replica/CMIP6/ScenarioMIP/MRI/MRI-ESM2-0/ssp585/r1i1p1f1/Amon/rsut/gn/v20191108/rsut_Amon_MRI-ESM2-0_ssp585_r1i1p1f1_gn_210101-230012.nc,http://esgf-data03.diasjp.net/thredds/dodsC/esg_dataroot/CMIP6/ScenarioMIP/MRI/MRI-ESM2-0/ssp585/r1i1p1f1/Amon/rsut/gn/v20191108/rsut_Amon_MRI-ESM2-0_ssp585_r1i1p1f1_gn_210101-230012.nc|http://esgf3.dkrz.de/thredds/dodsC/cmip6/ScenarioMIP/MRI/MRI-ESM2-0/ssp585/r1i1p1f1/Amon/rsut/gn/v20191108/rsut_Amon_MRI-ESM2-0_ssp585_r1i1p1f1_gn_210101-230012.nc|https://esgf.ceda.ac.uk/thredds/dodsC/esg_cmip6/CMIP6/ScenarioMIP/MRI/MRI-ESM2-0/ssp585/r1i1p1f1/Amon/rsut/gn/v20191108/rsut_Amon_MRI-ESM2-0_ssp585_r1i1p1f1_gn_210101-230012.nc|http://esgf.nci.org.au/thredds/dodsC/replica/CMIP6/ScenarioMIP/MRI/MRI-ESM2-0/ssp585/r1i1p1f1/Amon/rsut/gn/v20191108/rsut_Amon_MRI-ESM2-0_ssp585_r1i1p1f1_gn_210101-230012.nc
MRI-ESM2-0,ScenarioMIP,ssp585,r1i1p1f1,tas,gn,1/2,tas_Amon_MRI-ESM2-0_ssp585_r1i1p1f1_gn_201501-210012.nc,116966076,http://esgf-data03.diasjp.net/thredds/fileServer/esg_dataroot/CMIP6/ScenarioMIP/MRI/MRI-ESM2-0/ssp585/r1i1p1f1/Amon/tas/gn/v20191108/tas_Amon_MRI-ESM2-0_ssp585_r1i1p1f1_gn_201501-210012.nc|http://esgf3.dkrz.de/thredds/fileServer/cmip6/ScenarioMIP/MRI/MRI-ESM2-0/ssp585/r1i1p1f1/Amon/tas/gn/v20191108/tas_Amon_MRI-ESM2-0_ssp585_r1i1p1f1_gn_201501-210012.nc|https://esgf.ceda.ac.uk/thredds/fileServer/esg_cmip6/CMIP6/ScenarioMIP/MRI/MRI-ESM2-0/ssp585/r1i1p1f1/Amon/tas/gn/v20191108/tas_Amon_MRI-ESM2-0_ssp585_r1i1p1f1_gn_201501-210012.nc|http://esgf.nci.org.au/thredds/fileServer/replica/CMIP6/ScenarioMIP/MRI/MRI-ESM2-0/ssp585/r1i1p1f1/Amon/tas/gn/v20191108/tas_Amon_MRI-ESM2-0_ssp585_r1i1p1f1_gn_201501-210012.nc,http://esgf-data03.diasjp.net/thredds/dodsC/esg_dataroot/CMIP6/ScenarioMIP/MRI/MRI-ESM2-0/ssp585/r1i1p1f1/Amon/tas/gn/v20191108/tas_Amon_MRI-ESM2-0_ssp585_r1i1p1f1_gn_201501-210012.nc|http://esgf3.dkrz.de/thredds/dodsC/cmip6/ScenarioMIP/MRI/MRI-ESM2-0/ssp585/r1i1p1f1/Amon/tas/gn/v20191108/tas_Amon_MRI-ESM2-0_ssp585_r1i1p1f1_gn_201501-210012.nc|https://esgf.ceda.ac.uk/thredds/dodsC/esg_cmip6/CMIP6/ScenarioMIP/MRI/MRI-ESM2-0/ssp585/r1i1p1f1/Amon/tas/gn/v20191108/tas_Amon_MRI-ESM2-0_ssp585_r1i1p1f1_gn_201501-210012.nc|http://esgf.nci.org.au/thredds/dodsC/replica/CMIP6/ScenarioMIP/MRI/MRI-ESM2-0/ssp585/r1i1p1f1/Amon/tas/gn/v20191108/tas_Amon_MRI-ESM2-0_ssp585_r1i1p1f1_gn_201501-210012.nc
MRI-ESM2-0,ScenarioMIP,ssp585,r1i1p1f1,tas,gn,2/2,tas_Amon_MRI-ESM2-0_ssp585_r1i1p1f1_gn_210101-230012.nc,270362750,http://esgf-data03.diasjp.net/thredds/fileServer/esg_dataroot/CMIP6/ScenarioMIP/MRI/MRI-ESM2-0/ssp585/r1i1p1f1/Amon/tas/gn/v20191108/tas_Amon_MRI-ESM2-0_ssp585_r1i1p1f1_gn_210101-230012.nc|http://esgf3.dkrz.de/thredds/fileServer/cmip6/ScenarioMIP/MRI/MRI-ESM2-0/ssp585/r1i1p1f1/Amon/tas/gn/v20191108/tas_Amon_MRI-ESM2-0_ssp585_r1i1p1f1_gn_210101-230012.nc|https://esgf.ceda.ac.uk/thredds/fileServer/esg_cmip6/CMIP6/ScenarioMIP/MRI/MRI-ESM2-0/ssp585/r1i1p1f1/Amon/tas/gn/v20191108/tas_Amon_MRI-ESM2-0_ssp585_r1i1p1f1_gn_210101-230012.nc|http://esgf.nci.org.au/thredds/fileServer/replica/CMIP6/ScenarioMIP/MRI/MRI-ESM2-0/ssp585/r1i1p1f1/Amon/tas/gn/v20191108/tas_Amon_MRI-ESM2-0_ssp585_r1i1p1f1_gn_210101-230012.nc,http://esgf-data03.diasjp.net/thredds/dodsC/esg_dataroot/CMIP6/ScenarioMIP/MRI/MRI-ESM2-0/ssp585/r1i1p1f1/Amon/tas/gn/v20191108/tas_Amon_MRI-ESM2-0_ssp585_r1i1p1f1_gn_210101-230012.nc|http://esgf3.dkrz.de/thredds/dodsC/cmip6/ScenarioMIP/MRI/MRI-ESM2-0/ssp585/r1i1p1f1/Amon/tas/gn/v20191108/tas_Amon_MRI-ESM2-0_ssp585_r1i1p1f1_gn_210101-230012.nc|https://esgf.ceda.ac.uk/thredds/dodsC/esg_cmip6/CMIP6/ScenarioMIP/MRI/MRI-ESM2-0/ssp585/r1i1p1f1/Amon/tas/gn/v20191108/tas_Amon_MRI-ESM2-0_ssp585_r1i1p1f1_gn_210101-230012.nc|http://esgf.nci.org.au/thredds/dodsC/replica/CMIP6/ScenarioMIP/MRI/MRI-ESM2-0/ssp585/r1i1p1f1/Amon/tas/gn/v20191108/tas_Amon_MRI-ESM2-0_ssp585_r1i1p1f1_gn_210101-230012.nc